{"stats":{"minecraft:dropped":{"minecraft:purple_terracotta":5,"minecraft:wheat_seeds":10,"minecraft:cobblestone":2,"minecraft:golden_apple":2,"minecraft:chainmail_leggings":3,"minecraft:dandelion":16,"minecraft:gold_ingot":10,"minecraft:bone":2,"minecraft:oak_planks":6,"minecraft:iron_boots":2,"minecraft:azure_bluet":10,"minecraft:chest":2,"minecraft:bow":1,"minecraft:stone_pickaxe":1,"minecraft:quartz":82},"minecraft:used":{"minecraft:oak_trapdoor":2,"minecraft:blue_terracotta":19,"minecraft:iron_shovel":32,"minecraft:spruce_slab":6,"minecraft:stone_shovel":133,"minecraft:chest":6,"minecraft:shield":40,"minecraft:iron_sword":107,"minecraft:torch":40,"minecraft:dirt":31,"minecraft:spruce_stairs":1,"minecraft:crimson_planks":1,"minecraft:furnace":8,"minecraft:cooked_mutton":3,"minecraft:water_bucket":8,"minecraft:stone_pickaxe":24,"minecraft:oak_planks":12,"minecraft:wooden_pickaxe":13,"minecraft:composter":1,"minecraft:sand":43,"minecraft:oak_slab":24,"minecraft:crafting_table":11,"immersive_paintings:glow_painting":1,"minecraft:white_bed":5,"minecraft:diamond_pickaxe":58,"minecraft:bread":2,"minecraft:iron_pickaxe":191,"minecraft:gravel":22,"minecraft:lilac":1,"minecraft:stone_axe":105,"minecraft:cobblestone":27,"minecraft:cooked_porkchop":3,"minecraft:andesite":3,"minecraft:bucket":9,"minecraft:oak_boat":13},"minecraft:broken":{"minecraft:stone_shovel":1},"minecraft:mined":{"minecraft:spruce_planks":9,"minecraft:white_bed":4,"minecraft:brewing_stand":1,"minecraft:purple_terracotta":5,"minecraft:grass_block":32,"minecraft:jungle_planks":5,"minecraft:composter":1,"minecraft:spawner":3,"minecraft:furnace":4,"minecraft:carrots":3,"minecraft:iron_ore":7,"minecraft:andesite":33,"minecraft:azure_bluet":5,"minecraft:potatoes":1,"minecraft:stone":176,"minecraft:spruce_slab":6,"minecraft:oak_slab":24,"minecraft:kelp_plant":1,"minecraft:dandelion":9,"minecraft:crafting_table":8,"minecraft:torch":2,"minecraft:chest":3,"minecraft:mushroom_stem":34,"minecraft:cobblestone":12,"minecraft:tall_grass":10,"minecraft:oak_planks":9,"minecraft:sugar_cane":4,"minecraft:wall_torch":3,"minecraft:spruce_stairs":1,"minecraft:blue_terracotta":23,"minecraft:wheat":1,"minecraft:lilac":1,"minecraft:grass":55,"minecraft:coal_ore":21,"minecraft:oak_log":29,"minecraft:gravel":34,"minecraft:sand":70,"minecraft:dirt":23,"minecraft:crimson_planks":4,"minecraft:oak_leaves":2},"minecraft:picked_up":{"minecraft:crafting_table":8,"minecraft:azure_bluet":25,"minecraft:wooden_pickaxe":1,"minecraft:crimson_planks":4,"minecraft:brewing_stand":1,"minecraft:spruce_planks":9,"minecraft:oak_boat":11,"minecraft:spruce_slab":6,"immersive_paintings:glow_painting":2,"minecraft:sugar_cane":7,"minecraft:chest":6,"minecraft:iron_boots":4,"minecraft:furnace":4,"minecraft:stick":22,"minecraft:composter":1,"minecraft:torch":5,"minecraft:spruce_stairs":1,"minecraft:porkchop":15,"minecraft:purple_terracotta":5,"minecraft:arrow":1,"minecraft:gold_ingot":30,"minecraft:mutton":10,"minecraft:white_wool":7,"minecraft:cobblestone":183,"minecraft:lilac":1,"minecraft:andesite":33,"minecraft:potato":1,"minecraft:flint":3,"minecraft:oak_log":29,"minecraft:dirt":31,"minecraft:name_tag":1,"minecraft:bone":3,"minecraft:kelp":2,"minecraft:bow":1,"minecraft:wheat_seeds":46,"minecraft:stone_pickaxe":2,"minecraft:iron_ore":7,"minecraft:cobweb":4,"minecraft:powered_rail":10,"minecraft:oak_planks":14,"minecraft:cooked_porkchop":15,"minecraft:quartz":164,"minecraft:dandelion":40,"minecraft:gravel":22,"minecraft:jungle_planks":5,"minecraft:sand":67,"minecraft:ink_sac":7,"minecraft:white_bed":4,"minecraft:blue_terracotta":19,"minecraft:slime_ball":35,"minecraft:diamond":4,"minecraft:chainmail_leggings":5,"minecraft:iron_helmet":1,"minecraft:golden_apple":3,"minecraft:emerald":21,"minecraft:coal":87},"minecraft:custom":{"minecraft:mob_kills":43,"minecraft:interact_with_crafting_table":24,"minecraft:leave_game":3,"minecraft:time_since_death":66353,"minecraft:sprint_one_cm":80355,"minecraft:walk_one_cm":100337,"minecraft:drop":46,"minecraft:talked_to_villager":23,"minecraft:sneak_time":10901,"minecraft:walk_under_water_one_cm":8360,"minecraft:boat_one_cm":467796,"minecraft:jump":1075,"minecraft:walk_on_water_one_cm":16547,"minecraft:interact_with_furnace":11,"minecraft:play_one_minute":66353,"minecraft:sleep_in_bed":5,"minecraft:time_since_rest":3096,"minecraft:damage_taken":267,"minecraft:damage_dealt":7464,"minecraft:fly_one_cm":180785,"minecraft:swim_one_cm":39624,"minecraft:open_chest":26,"minecraft:crouch_one_cm":26005,"minecraft:fall_one_cm":20762},"minecraft:crafted":{"minecraft:oak_planks":116,"minecraft:stone_shovel":1,"minecraft:furnace":4,"minecraft:cooked_mutton":6,"minecraft:oak_trapdoor":2,"minecraft:stone_pickaxe":1,"minecraft:chest":3,"minecraft:oak_slab":24,"minecraft:crafting_table":4,"minecraft:wooden_pickaxe":1,"minecraft:bucket":1,"minecraft:stone_axe":1,"minecraft:air":0,"minecraft:oak_boat":5,"minecraft:diamond_pickaxe":1,"minecraft:shield":1,"minecraft:stick":52,"minecraft:iron_ingot":7,"minecraft:iron_shovel":1,"minecraft:white_bed":1,"minecraft:torch":40,"minecraft:diamond_chestplate":1},"minecraft:killed":{"minecraft:vindicator":15,"minecraft:spider":1,"minecraft:skeleton":6,"minecraft:pig":8,"minecraft:squid":4,"minecraft:sheep":7,"minecraft:zombie":1,"minecraft:wither_skeleton":1}},"DataVersion":2586}