{"stats":{"minecraft:dropped":{"minecraft:purple_terracotta":5},"minecraft:used":{"minecraft:cooked_mutton":2,"minecraft:stone_shovel":55,"minecraft:spruce_slab":6,"minecraft:stone_pickaxe":24,"minecraft:oak_planks":1,"minecraft:wooden_pickaxe":13,"minecraft:iron_sword":77,"minecraft:dirt":28,"minecraft:oak_slab":24,"minecraft:crafting_table":4,"minecraft:spruce_stairs":1,"minecraft:white_bed":1,"minecraft:diamond_pickaxe":20,"minecraft:gravel":22,"minecraft:crimson_planks":1,"minecraft:lilac":1,"minecraft:stone_axe":33,"minecraft:cobblestone":10,"minecraft:furnace":2,"minecraft:bucket":1,"minecraft:oak_boat":2},"minecraft:mined":{"minecraft:spruce_planks":9,"minecraft:white_bed":1,"minecraft:crafting_table":3,"minecraft:purple_terracotta":5,"minecraft:grass_block":29,"minecraft:jungle_planks":5,"minecraft:spawner":1,"minecraft:spruce_stairs":1,"minecraft:blue_terracotta":1,"minecraft:furnace":2,"minecraft:iron_ore":7,"minecraft:lilac":1,"minecraft:grass":4,"minecraft:oak_log":11,"minecraft:coal_ore":15,"minecraft:gravel":24,"minecraft:crimson_planks":4,"minecraft:stone":25,"minecraft:spruce_slab":6},"minecraft:picked_up":{"minecraft:crafting_table":3,"minecraft:lilac":1,"minecraft:flint":2,"minecraft:oak_log":11,"minecraft:crimson_planks":4,"minecraft:dirt":28,"minecraft:spruce_planks":9,"minecraft:iron_ore":7,"minecraft:oak_boat":2,"immersive_paintings:glow_painting":1,"minecraft:spruce_slab":6,"minecraft:oak_planks":3,"minecraft:furnace":2,"minecraft:spruce_stairs":1,"minecraft:gravel":22,"minecraft:porkchop":15,"minecraft:jungle_planks":5,"minecraft:white_bed":1,"minecraft:purple_terracotta":5,"minecraft:blue_terracotta":1,"minecraft:emerald":8,"minecraft:mutton":10,"minecraft:coal":17,"minecraft:white_wool":7,"minecraft:cobblestone":25},"minecraft:custom":{"minecraft:interact_with_furnace":9,"minecraft:mob_kills":30,"minecraft:interact_with_crafting_table":11,"minecraft:play_one_minute":21050,"minecraft:leave_game":1,"minecraft:time_since_death":21050,"minecraft:sleep_in_bed":1,"minecraft:time_since_rest":8316,"minecraft:sprint_one_cm":21020,"minecraft:damage_taken":94,"minecraft:walk_one_cm":18470,"minecraft:drop":1,"minecraft:damage_dealt":5196,"minecraft:swim_one_cm":13750,"minecraft:fly_one_cm":43676,"minecraft:open_chest":3,"minecraft:crouch_one_cm":11461,"minecraft:sneak_time":5078,"minecraft:walk_under_water_one_cm":1760,"minecraft:boat_one_cm":76999,"minecraft:jump":341,"minecraft:walk_on_water_one_cm":4594,"minecraft:fall_one_cm":4575},"minecraft:crafted":{"minecraft:oak_slab":24,"minecraft:oak_planks":44,"minecraft:stone_shovel":1,"minecraft:crafting_table":2,"minecraft:wooden_pickaxe":1,"minecraft:furnace":1,"minecraft:bucket":1,"minecraft:stone_axe":1,"minecraft:cooked_mutton":6,"minecraft:air":0,"minecraft:oak_boat":1,"minecraft:diamond_pickaxe":1,"minecraft:shield":1,"minecraft:stick":36,"minecraft:iron_ingot":7,"minecraft:stone_pickaxe":1,"minecraft:white_bed":1,"minecraft:diamond_chestplate":1},"minecraft:killed":{"minecraft:pig":8,"minecraft:vindicator":15,"minecraft:sheep":7}},"DataVersion":2586}