{"stats":{"minecraft:crafted":{"minecraft:oak_planks":116,"minecraft:cobblestone_slab":126,"minecraft:stone_shovel":1,"minecraft:blaze_powder":2,"minecraft:furnace":4,"minecraft:mushroom_stew":2,"minecraft:bone_meal":15,"minecraft:cooked_mutton":10,"minecraft:oak_trapdoor":2,"minecraft:flint_and_steel":1,"minecraft:glass":12,"minecraft:iron_axe":1,"minecraft:stone_pickaxe":1,"minecraft:chest":5,"minecraft:ender_eye":1,"minecraft:birch_sign":6,"minecraft:golden_boots":1,"minecraft:cooked_beef":7,"minecraft:oak_slab":24,"minecraft:crafting_table":8,"minecraft:spruce_planks":80,"minecraft:enchanting_table":1,"minecraft:wooden_pickaxe":1,"minecraft:iron_helmet":1,"minecraft:bowl":4,"minecraft:bucket":1,"minecraft:birch_planks":48,"minecraft:stone_axe":1,"minecraft:air":0,"minecraft:oak_boat":5,"minecraft:spruce_trapdoor":4,"minecraft:diamond_pickaxe":1,"minecraft:shield":2,"minecraft:stick":68,"minecraft:iron_ingot":27,"minecraft:iron_pickaxe":1,"minecraft:iron_shovel":1,"minecraft:gold_ingot":5,"minecraft:white_bed":1,"minecraft:torch":156,"minecraft:diamond_chestplate":1},"minecraft:picked_up":{"minecraft:crafting_table":12,"minecraft:azure_bluet":25,"minecraft:leather_leggings":1,"minecraft:brown_mushroom":9,"minecraft:wooden_pickaxe":1,"minecraft:crimson_planks":4,"minecraft:brewing_stand":1,"minecraft:string":4,"minecraft:gold_nugget":50,"minecraft:spruce_planks":9,"minecraft:beef":7,"minecraft:oak_boat":22,"minecraft:cobblestone_slab":1,"minecraft:ender_eye":1,"immersive_paintings:glow_painting":2,"minecraft:spruce_slab":6,"minecraft:sugar_cane":7,"minecraft:chest":7,"minecraft:spruce_trapdoor":2,"minecraft:furnace":4,"minecraft:iron_boots":4,"minecraft:stick":25,"minecraft:composter":1,"minecraft:torch":19,"minecraft:spruce_stairs":1,"minecraft:porkchop":17,"minecraft:diorite":32,"minecraft:redstone":44,"minecraft:iron_horse_armor":1,"minecraft:golden_chestplate":1,"minecraft:purple_terracotta":5,"minecraft:arrow":8,"minecraft:rotten_flesh":1,"minecraft:tropical_fish":1,"minecraft:nether_bricks":31,"minecraft:gold_ingot":30,"minecraft:blaze_rod":5,"minecraft:obsidian":4,"minecraft:mutton":14,"minecraft:snowball":8,"minecraft:white_wool":10,"minecraft:cobblestone":1074,"minecraft:nautilus_shell":1,"minecraft:birch_log":12,"minecraft:magma_block":11,"minecraft:lilac":1,"minecraft:andesite":48,"minecraft:leather":5,"minecraft:red_mushroom":2,"minecraft:potato":1,"minecraft:birch_planks":2,"minecraft:flint":4,"minecraft:oak_log":29,"minecraft:dirt":69,"minecraft:name_tag":1,"minecraft:bone":16,"minecraft:kelp":281,"minecraft:bow":3,"minecraft:wheat_seeds":47,"minecraft:stone_pickaxe":2,"minecraft:cobweb":4,"minecraft:iron_ore":39,"minecraft:glowstone_dust":13,"minecraft:powered_rail":10,"minecraft:oak_planks":14,"minecraft:soul_sand":32,"minecraft:cooked_porkchop":15,"minecraft:quartz":172,"minecraft:dandelion":41,"minecraft:gravel":42,"minecraft:sand":67,"minecraft:jungle_planks":5,"minecraft:spruce_sapling":5,"minecraft:ink_sac":7,"minecraft:white_bed":7,"minecraft:spruce_log":21,"minecraft:gold_ore":4,"minecraft:leather_helmet":1,"minecraft:blue_terracotta":19,"minecraft:slime_ball":35,"minecraft:diamond":4,"minecraft:chainmail_leggings":5,"minecraft:iron_helmet":1,"minecraft:granite":22,"minecraft:golden_apple":3,"minecraft:emerald":23,"minecraft:netherrack":12,"minecraft:coal":117,"minecraft:ender_pearl":2},"minecraft:mined":{"minecraft:nether_gold_ore":13,"minecraft:spruce_planks":9,"minecraft:white_bed":7,"minecraft:brewing_stand":1,"minecraft:obsidian":4,"minecraft:spruce_trapdoor":2,"minecraft:nether_bricks":36,"minecraft:granite":26,"minecraft:purple_terracotta":5,"minecraft:grass_block":60,"minecraft:infested_cobblestone":2,"minecraft:jungle_planks":5,"minecraft:spruce_leaves":9,"minecraft:kelp":22,"minecraft:composter":1,"minecraft:red_mushroom":2,"minecraft:spawner":3,"minecraft:redstone_ore":10,"minecraft:magma_block":11,"minecraft:glowstone":4,"minecraft:furnace":4,"minecraft:carrots":3,"minecraft:iron_ore":39,"minecraft:fire":21,"minecraft:snow":9,"minecraft:andesite":48,"minecraft:azure_bluet":5,"minecraft:potatoes":1,"minecraft:cobblestone_slab":1,"minecraft:stone":1022,"minecraft:spruce_slab":6,"minecraft:oak_slab":24,"minecraft:brown_mushroom":9,"minecraft:soul_sand":32,"minecraft:kelp_plant":24,"minecraft:dandelion":10,"minecraft:crafting_table":12,"minecraft:torch":7,"minecraft:emerald_ore":2,"minecraft:chest":4,"minecraft:mushroom_stem":34,"minecraft:nether_quartz_ore":8,"minecraft:tall_grass":10,"minecraft:cobblestone":28,"minecraft:oak_planks":9,"minecraft:sugar_cane":4,"minecraft:diorite":31,"minecraft:wall_torch":6,"minecraft:spruce_stairs":1,"minecraft:blue_terracotta":23,"minecraft:birch_log":12,"minecraft:wheat":1,"minecraft:lilac":1,"minecraft:spruce_log":22,"minecraft:grass":57,"minecraft:oak_log":29,"minecraft:coal_ore":49,"minecraft:gravel":46,"minecraft:sand":70,"minecraft:dirt":36,"minecraft:crimson_planks":4,"minecraft:netherrack":15,"minecraft:gold_ore":4,"minecraft:oak_leaves":2,"minecraft:infested_stone":7},"minecraft:used":{"minecraft:oak_trapdoor":2,"minecraft:blue_terracotta":19,"minecraft:iron_shovel":120,"minecraft:flint_and_steel":3,"minecraft:enchanting_table":1,"minecraft:spruce_slab":6,"minecraft:stone_shovel":133,"minecraft:chest":9,"minecraft:shield":84,"minecraft:iron_sword":184,"minecraft:nether_wart":6,"minecraft:rotten_flesh":1,"minecraft:netherrack":2,"minecraft:torch":183,"minecraft:soul_sand":10,"minecraft:dirt":35,"minecraft:spruce_stairs":1,"minecraft:nether_bricks":8,"minecraft:granite":5,"minecraft:lava_bucket":11,"minecraft:iron_axe":67,"minecraft:crimson_planks":1,"minecraft:magma_block":4,"minecraft:bow":4,"minecraft:furnace":8,"minecraft:cooked_beef":1,"minecraft:cooked_mutton":7,"minecraft:water_bucket":20,"minecraft:diorite":4,"minecraft:stone_pickaxe":24,"minecraft:oak_planks":12,"minecraft:ender_pearl":1,"minecraft:wooden_pickaxe":13,"minecraft:composter":1,"minecraft:cobblestone_slab":65,"minecraft:sand":43,"minecraft:birch_sign":6,"minecraft:oak_slab":24,"minecraft:crafting_table":19,"minecraft:mushroom_stew":2,"immersive_paintings:glow_painting":1,"minecraft:white_bed":8,"minecraft:spruce_log":1,"minecraft:ender_eye":1,"minecraft:diamond_pickaxe":569,"minecraft:iron_pickaxe":782,"minecraft:bread":2,"minecraft:spruce_trapdoor":6,"minecraft:gravel":24,"minecraft:spruce_sapling":4,"minecraft:lilac":1,"minecraft:stone_axe":124,"minecraft:cobblestone":554,"minecraft:cooked_porkchop":15,"minecraft:andesite":7,"minecraft:bucket":31,"minecraft:oak_boat":24,"minecraft:kelp":208,"minecraft:bone_meal":2},"minecraft:killed":{"minecraft:spider":4,"minecraft:vindicator":15,"dungeons_mobs:fungus_thrower":1,"minecraft:skeleton":12,"minecraft:silverfish":1,"minecraft:drowned":1,"minecraft:tropical_fish":1,"minecraft:magma_cube":2,"majruszs_difficulty:creeperling":1,"minecraft:pig":9,"minecraft:squid":4,"minecraft:sheep":10,"minecraft:zombie":1,"minecraft:wither_skeleton":4,"minecraft:enderman":3,"minecraft:blaze":10,"minecraft:cow":4},"minecraft:dropped":{"minecraft:purple_terracotta":5,"minecraft:birch_planks":2,"minecraft:wheat_seeds":10,"minecraft:iron_helmet":1,"minecraft:cobblestone":2,"minecraft:iron_horse_armor":1,"minecraft:golden_apple":2,"minecraft:leather_helmet":1,"minecraft:dirt":5,"minecraft:chainmail_leggings":4,"minecraft:gold_ingot":10,"minecraft:dandelion":16,"minecraft:bone":2,"minecraft:stone_axe":1,"minecraft:golden_chestplate":1,"minecraft:oak_planks":6,"minecraft:iron_boots":2,"minecraft:azure_bluet":10,"minecraft:andesite":3,"minecraft:chest":2,"minecraft:arrow":1,"minecraft:bow":1,"minecraft:stone_pickaxe":1,"minecraft:magma_block":1,"minecraft:quartz":82,"minecraft:netherrack":1},"minecraft:custom":{"minecraft:mob_kills":84,"minecraft:interact_with_crafting_table":53,"minecraft:leave_game":4,"minecraft:time_since_death":190151,"minecraft:sprint_one_cm":336878,"minecraft:walk_one_cm":350399,"minecraft:drop":61,"minecraft:talked_to_villager":27,"minecraft:sneak_time":35413,"minecraft:walk_under_water_one_cm":144959,"minecraft:boat_one_cm":470292,"minecraft:jump":3012,"minecraft:walk_on_water_one_cm":29767,"minecraft:interact_with_furnace":25,"minecraft:play_one_minute":190151,"minecraft:sleep_in_bed":5,"minecraft:time_since_rest":126894,"minecraft:damage_taken":1119,"minecraft:damage_dealt":16061,"minecraft:swim_one_cm":127474,"minecraft:fly_one_cm":415834,"minecraft:open_chest":92,"minecraft:crouch_one_cm":101456,"minecraft:fall_one_cm":53744},"minecraft:broken":{"minecraft:iron_pickaxe":1,"minecraft:iron_helmet":1,"minecraft:stone_shovel":1}},"DataVersion":2586}