{"stats":{"minecraft:dropped":{"minecraft:zombie_spawn_egg":1,"minecraft:brown_dye":2,"minecraft:blue_dye":1,"minecraft:stone":1,"minecraft:black_dye":64,"minecraft:drowned_spawn_egg":1,"minecraft:yellow_dye":5,"minecraft:crafting_table":1,"minecraft:pink_dye":1,"minecraft:bone_meal":1,"minecraft:lime_dye":3,"minecraft:creeper_banner_pattern":1,"minecraft:red_dye":3,"minecraft:lime_banner":3},"minecraft:crafted":{"minecraft:shield":1},"minecraft:picked_up":{"minecraft:crafting_table":1,"minecraft:yellow_dye":5,"minecraft:brown_dye":2,"minecraft:black_dye":64,"minecraft:flint_and_steel":1,"minecraft:lime_banner":2,"minecraft:lime_dye":3,"minecraft:creeper_banner_pattern":1,"minecraft:wheat_seeds":11,"minecraft:blue_dye":1,"minecraft:red_dye":3,"minecraft:bone_meal":1,"minecraft:pink_dye":1},"minecraft:custom":{"minecraft:time_since_rest":47975,"minecraft:sprint_one_cm":6990,"minecraft:walk_one_cm":17132,"minecraft:drop":25,"minecraft:damage_dealt":9,"minecraft:interact_with_crafting_table":2,"minecraft:fly_one_cm":240174,"minecraft:crouch_one_cm":879,"minecraft:play_one_minute":47975,"minecraft:interact_with_loom":4,"minecraft:walk_under_water_one_cm":988,"minecraft:sneak_time":1164,"minecraft:jump":91,"minecraft:leave_game":1,"minecraft:walk_on_water_one_cm":1608,"minecraft:time_since_death":47975,"minecraft:climb_one_cm":215},"minecraft:mined":{"minecraft:grass":2},"minecraft:used":{"minecraft:lava_bucket":1,"minecraft:lime_banner":2,"minecraft:grass_block":84,"minecraft:zombie_spawn_egg":1,"minecraft:sand":1,"minecraft:potion":6,"minecraft:crafting_table":2,"minecraft:loom":1,"immersive_portals:portal_helper":20}},"DataVersion":2586}