{"stats":{"minecraft:killed":{"minecraft:trader_llama":2,"minecraft:zombie":8,"minecraft:chicken":1,"minecraft:drowned":1},"minecraft:mined":{"minecraft:kelp_plant":8,"minecraft:crafting_table":2,"minecraft:grass_block":1,"minecraft:cobblestone":5,"minecraft:kelp":2,"minecraft:furnace":2,"minecraft:birch_log":6,"minecraft:iron_ore":7,"minecraft:grass":1,"minecraft:oak_log":6,"minecraft:coal_ore":19,"minecraft:dirt":3,"minecraft:gravel":6,"minecraft:sand":7,"minecraft:stone":29},"minecraft:custom":{"minecraft:interact_with_furnace":4,"minecraft:mob_kills":12,"minecraft:interact_with_crafting_table":10,"minecraft:play_one_minute":43459,"minecraft:leave_game":2,"minecraft:time_since_death":12697,"minecraft:time_since_rest":12704,"minecraft:sprint_one_cm":22320,"minecraft:damage_taken":280,"minecraft:walk_one_cm":14141,"minecraft:trigger_trapped_chest":1,"minecraft:drop":4,"minecraft:damage_dealt":2285,"minecraft:swim_one_cm":27923,"minecraft:talked_to_villager":1,"minecraft:fly_one_cm":97599,"minecraft:crouch_one_cm":6510,"minecraft:deaths":1,"minecraft:sneak_time":3499,"minecraft:walk_under_water_one_cm":16440,"minecraft:boat_one_cm":111287,"minecraft:jump":269,"minecraft:walk_on_water_one_cm":14816,"minecraft:fall_one_cm":3789},"minecraft:picked_up":{"minecraft:birch_log":6,"minecraft:crafting_table":2,"minecraft:chicken":1,"minecraft:leather":3,"minecraft:lead":2,"minecraft:flint":2,"minecraft:oak_log":6,"minecraft:dirt":4,"minecraft:kelp":23,"minecraft:iron_ingot":1,"minecraft:iron_ore":7,"immersive_paintings:glow_painting":1,"minecraft:birch_sapling":4,"minecraft:furnace":2,"minecraft:birch_boat":2,"minecraft:gravel":4,"minecraft:sand":7,"minecraft:rotten_flesh":8,"minecraft:oak_sapling":1,"minecraft:coal":21,"minecraft:cobblestone":32},"minecraft:killed_by":{"mutantbeasts:mutant_skeleton":1},"minecraft:dropped":{"minecraft:grass_block":3,"minecraft:oak_leaves":1},"minecraft:used":{"minecraft:stone_shovel":4,"minecraft:stone_pickaxe":49,"minecraft:birch_boat":3,"minecraft:wooden_pickaxe":10,"minecraft:cooked_chicken":1,"minecraft:oak_leaves":4,"minecraft:dark_oak_trapdoor":3,"minecraft:dirt":4,"minecraft:crafting_table":3,"minecraft:oak_log":5,"minecraft:grass_block":54,"minecraft:birch_sapling":4,"minecraft:iron_pickaxe":3,"minecraft:gravel":4,"minecraft:stone_axe":37,"minecraft:cobblestone":5,"minecraft:furnace":2},"minecraft:crafted":{"minecraft:oak_planks":24,"minecraft:stone_shovel":1,"minecraft:crafting_table":2,"minecraft:wooden_pickaxe":1,"minecraft:birch_boat":1,"minecraft:cooked_chicken":1,"minecraft:furnace":2,"minecraft:bucket":1,"minecraft:birch_planks":24,"minecraft:stone_axe":1,"minecraft:air":0,"minecraft:shield":1,"minecraft:stick":16,"minecraft:iron_ingot":6,"minecraft:iron_pickaxe":1,"minecraft:stone_pickaxe":1,"minecraft:torch":8}},"DataVersion":2586}