{"stats":{"minecraft:dropped":{"minecraft:black_dye":64,"minecraft:bone_meal":1,"minecraft:lime_dye":3,"minecraft:blue_dye":1,"minecraft:brown_dye":2,"minecraft:red_dye":3,"minecraft:creeper_banner_pattern":1,"minecraft:yellow_dye":5,"minecraft:crafting_table":1,"minecraft:pink_dye":1,"minecraft:lime_banner":1},"minecraft:picked_up":{"minecraft:black_dye":64,"minecraft:crafting_table":1,"minecraft:lime_banner":1,"minecraft:lime_dye":3,"minecraft:creeper_banner_pattern":1,"minecraft:yellow_dye":5,"minecraft:blue_dye":1,"minecraft:red_dye":3,"minecraft:bone_meal":1,"minecraft:brown_dye":2,"minecraft:pink_dye":1},"minecraft:custom":{"minecraft:time_since_rest":15833,"minecraft:play_one_minute":15833,"minecraft:crouch_one_cm":531,"minecraft:interact_with_loom":4,"minecraft:sprint_one_cm":3133,"minecraft:walk_one_cm":3736,"minecraft:sneak_time":492,"minecraft:drop":20,"minecraft:jump":26,"minecraft:time_since_death":15833,"minecraft:walk_on_water_one_cm":147,"minecraft:interact_with_crafting_table":1,"minecraft:fly_one_cm":10765},"minecraft:mined":{"minecraft:grass":2},"minecraft:used":{"minecraft:lava_bucket":1,"minecraft:potion":6,"minecraft:crafting_table":1,"minecraft:loom":1,"minecraft:grass_block":1}},"DataVersion":2586}