{"stats":{"minecraft:mined":{"minecraft:iron_ore":7,"minecraft:birch_log":6,"minecraft:crafting_table":1,"minecraft:grass":1,"minecraft:gravel":6,"minecraft:sand":7,"minecraft:stone":24},"minecraft:custom":{"minecraft:time_since_rest":16522,"minecraft:sprint_one_cm":14011,"minecraft:walk_one_cm":9877,"minecraft:trigger_trapped_chest":1,"minecraft:mob_kills":2,"minecraft:drop":2,"minecraft:damage_dealt":440,"minecraft:fly_one_cm":69119,"minecraft:talked_to_villager":1,"minecraft:interact_with_crafting_table":4,"minecraft:swim_one_cm":3101,"minecraft:crouch_one_cm":4043,"minecraft:play_one_minute":16522,"minecraft:sneak_time":2252,"minecraft:walk_under_water_one_cm":4068,"minecraft:boat_one_cm":47688,"minecraft:jump":159,"minecraft:walk_on_water_one_cm":10341,"minecraft:time_since_death":16522,"minecraft:fall_one_cm":1254},"minecraft:killed":{"minecraft:trader_llama":2},"minecraft:used":{"minecraft:grass_block":6,"minecraft:stone_pickaxe":21,"minecraft:birch_sapling":4,"minecraft:birch_boat":1,"minecraft:wooden_pickaxe":10,"minecraft:gravel":4,"minecraft:stone_axe":1,"minecraft:oak_leaves":4,"minecraft:crafting_table":2},"minecraft:dropped":{"minecraft:oak_leaves":1,"minecraft:grass_block":1},"minecraft:picked_up":{"minecraft:birch_log":6,"minecraft:crafting_table":1,"minecraft:birch_boat":1,"minecraft:leather":3,"minecraft:lead":2,"minecraft:gravel":4,"minecraft:sand":7,"minecraft:flint":2,"minecraft:iron_ore":7,"immersive_paintings:glow_painting":1,"minecraft:birch_sapling":4,"minecraft:cobblestone":24},"minecraft:crafted":{"minecraft:stone_shovel":1,"minecraft:crafting_table":2,"minecraft:stick":12,"minecraft:wooden_pickaxe":1,"minecraft:birch_boat":1,"minecraft:stone_pickaxe":1,"minecraft:birch_planks":24,"minecraft:stone_axe":1}},"DataVersion":2586}