{"stats":{"minecraft:crafted":{"minecraft:oak_planks":116,"minecraft:cobblestone_slab":126,"minecraft:stone_shovel":1,"minecraft:furnace":4,"minecraft:bone_meal":15,"minecraft:cooked_mutton":6,"minecraft:flint_and_steel":1,"minecraft:oak_trapdoor":2,"minecraft:iron_axe":1,"minecraft:stone_pickaxe":1,"minecraft:chest":5,"minecraft:golden_boots":1,"minecraft:birch_sign":6,"minecraft:oak_slab":24,"minecraft:crafting_table":7,"minecraft:enchanting_table":1,"minecraft:spruce_planks":52,"minecraft:iron_helmet":1,"minecraft:wooden_pickaxe":1,"minecraft:birch_planks":48,"minecraft:bucket":1,"minecraft:stone_axe":1,"minecraft:air":0,"minecraft:oak_boat":5,"minecraft:spruce_trapdoor":2,"minecraft:diamond_pickaxe":1,"minecraft:shield":2,"minecraft:stick":64,"minecraft:iron_ingot":7,"minecraft:iron_pickaxe":1,"minecraft:iron_shovel":1,"minecraft:gold_ingot":5,"minecraft:white_bed":1,"minecraft:torch":156,"minecraft:diamond_chestplate":1},"minecraft:picked_up":{"minecraft:crafting_table":11,"minecraft:azure_bluet":25,"minecraft:brown_mushroom":7,"minecraft:leather_leggings":1,"minecraft:wooden_pickaxe":1,"minecraft:crimson_planks":4,"minecraft:brewing_stand":1,"minecraft:string":4,"minecraft:gold_nugget":50,"minecraft:spruce_planks":9,"minecraft:beef":7,"minecraft:oak_boat":21,"minecraft:cobblestone_slab":1,"minecraft:spruce_slab":6,"immersive_paintings:glow_painting":2,"minecraft:sugar_cane":7,"minecraft:chest":7,"minecraft:furnace":4,"minecraft:iron_boots":4,"minecraft:stick":25,"minecraft:composter":1,"minecraft:torch":18,"minecraft:spruce_stairs":1,"minecraft:porkchop":17,"minecraft:diorite":32,"minecraft:redstone":44,"minecraft:golden_chestplate":1,"minecraft:iron_horse_armor":1,"minecraft:purple_terracotta":5,"minecraft:arrow":8,"minecraft:rotten_flesh":1,"minecraft:tropical_fish":1,"minecraft:nether_bricks":31,"minecraft:gold_ingot":30,"minecraft:blaze_rod":5,"minecraft:obsidian":4,"minecraft:mutton":14,"minecraft:snowball":8,"minecraft:white_wool":10,"minecraft:cobblestone":1051,"minecraft:nautilus_shell":1,"minecraft:birch_log":12,"minecraft:magma_block":10,"minecraft:lilac":1,"minecraft:andesite":44,"minecraft:leather":5,"minecraft:potato":1,"minecraft:flint":4,"minecraft:oak_log":29,"minecraft:dirt":69,"minecraft:name_tag":1,"minecraft:bone":16,"minecraft:kelp":277,"minecraft:bow":3,"minecraft:wheat_seeds":47,"minecraft:cobweb":4,"minecraft:stone_pickaxe":2,"minecraft:iron_ore":39,"minecraft:glowstone_dust":13,"minecraft:powered_rail":10,"minecraft:soul_sand":10,"minecraft:oak_planks":14,"minecraft:cooked_porkchop":15,"minecraft:quartz":172,"minecraft:dandelion":41,"minecraft:jungle_planks":5,"minecraft:gravel":42,"minecraft:sand":67,"minecraft:spruce_sapling":5,"minecraft:ink_sac":7,"minecraft:white_bed":7,"minecraft:spruce_log":14,"minecraft:gold_ore":4,"minecraft:leather_helmet":1,"minecraft:blue_terracotta":19,"minecraft:slime_ball":35,"minecraft:diamond":4,"minecraft:chainmail_leggings":5,"minecraft:iron_helmet":1,"minecraft:granite":22,"minecraft:golden_apple":3,"minecraft:emerald":23,"minecraft:netherrack":12,"minecraft:coal":113,"minecraft:ender_pearl":1},"minecraft:mined":{"minecraft:nether_gold_ore":13,"minecraft:spruce_planks":9,"minecraft:white_bed":7,"minecraft:brewing_stand":1,"minecraft:obsidian":4,"minecraft:nether_bricks":36,"minecraft:granite":26,"minecraft:purple_terracotta":5,"minecraft:grass_block":60,"minecraft:infested_cobblestone":2,"minecraft:jungle_planks":5,"minecraft:spruce_leaves":8,"minecraft:composter":1,"minecraft:kelp":21,"minecraft:spawner":3,"minecraft:magma_block":10,"minecraft:redstone_ore":10,"minecraft:glowstone":4,"minecraft:furnace":4,"minecraft:carrots":3,"minecraft:iron_ore":39,"minecraft:fire":21,"minecraft:snow":9,"minecraft:andesite":44,"minecraft:azure_bluet":5,"minecraft:potatoes":1,"minecraft:cobblestone_slab":1,"minecraft:stone":999,"minecraft:spruce_slab":6,"minecraft:oak_slab":24,"minecraft:brown_mushroom":7,"minecraft:soul_sand":10,"minecraft:kelp_plant":23,"minecraft:dandelion":10,"minecraft:crafting_table":11,"minecraft:torch":7,"minecraft:emerald_ore":2,"minecraft:chest":4,"minecraft:mushroom_stem":34,"minecraft:nether_quartz_ore":8,"minecraft:tall_grass":10,"minecraft:cobblestone":28,"minecraft:sugar_cane":4,"minecraft:oak_planks":9,"minecraft:diorite":31,"minecraft:wall_torch":6,"minecraft:spruce_stairs":1,"minecraft:blue_terracotta":23,"minecraft:birch_log":12,"minecraft:wheat":1,"minecraft:lilac":1,"minecraft:spruce_log":15,"minecraft:grass":57,"minecraft:oak_log":29,"minecraft:coal_ore":45,"minecraft:gravel":46,"minecraft:sand":70,"minecraft:dirt":36,"minecraft:crimson_planks":4,"minecraft:netherrack":15,"minecraft:gold_ore":4,"minecraft:oak_leaves":2,"minecraft:infested_stone":7},"minecraft:used":{"minecraft:oak_trapdoor":2,"minecraft:blue_terracotta":19,"minecraft:enchanting_table":1,"minecraft:iron_shovel":99,"minecraft:flint_and_steel":3,"minecraft:spruce_slab":6,"minecraft:stone_shovel":133,"minecraft:chest":8,"minecraft:shield":84,"minecraft:iron_sword":184,"minecraft:netherrack":2,"minecraft:torch":183,"minecraft:soul_sand":1,"minecraft:dirt":35,"minecraft:spruce_stairs":1,"minecraft:granite":5,"minecraft:lava_bucket":11,"minecraft:iron_axe":55,"minecraft:crimson_planks":1,"minecraft:magma_block":4,"minecraft:bow":4,"minecraft:furnace":8,"minecraft:cooked_mutton":6,"minecraft:water_bucket":17,"minecraft:diorite":4,"minecraft:stone_pickaxe":24,"minecraft:oak_planks":12,"minecraft:wooden_pickaxe":13,"minecraft:composter":1,"minecraft:cobblestone_slab":65,"minecraft:sand":43,"minecraft:oak_slab":24,"minecraft:crafting_table":18,"minecraft:birch_sign":6,"immersive_paintings:glow_painting":1,"minecraft:white_bed":8,"minecraft:spruce_log":1,"minecraft:diamond_pickaxe":537,"minecraft:bread":2,"minecraft:iron_pickaxe":782,"minecraft:spruce_trapdoor":2,"minecraft:spruce_sapling":4,"minecraft:gravel":24,"minecraft:lilac":1,"minecraft:stone_axe":124,"minecraft:cobblestone":548,"minecraft:cooked_porkchop":15,"minecraft:bucket":29,"minecraft:andesite":7,"minecraft:oak_boat":24,"minecraft:kelp":204,"minecraft:bone_meal":2},"minecraft:killed":{"minecraft:vindicator":15,"minecraft:spider":4,"dungeons_mobs:fungus_thrower":1,"minecraft:skeleton":12,"minecraft:silverfish":1,"minecraft:drowned":1,"minecraft:tropical_fish":1,"minecraft:magma_cube":2,"majruszs_difficulty:creeperling":1,"minecraft:pig":9,"minecraft:squid":4,"minecraft:sheep":10,"minecraft:zombie":1,"minecraft:wither_skeleton":4,"minecraft:blaze":10,"minecraft:enderman":2,"minecraft:cow":4},"minecraft:dropped":{"minecraft:purple_terracotta":5,"minecraft:wheat_seeds":10,"minecraft:iron_helmet":1,"minecraft:cobblestone":2,"minecraft:iron_horse_armor":1,"minecraft:leather_helmet":1,"minecraft:golden_apple":2,"minecraft:dirt":5,"minecraft:chainmail_leggings":4,"minecraft:dandelion":16,"minecraft:gold_ingot":10,"minecraft:bone":2,"minecraft:stone_axe":1,"minecraft:golden_chestplate":1,"minecraft:oak_planks":6,"minecraft:iron_boots":2,"minecraft:azure_bluet":10,"minecraft:andesite":3,"minecraft:chest":2,"minecraft:arrow":1,"minecraft:stone_pickaxe":1,"minecraft:bow":1,"minecraft:quartz":82,"minecraft:netherrack":1},"minecraft:custom":{"minecraft:mob_kills":83,"minecraft:interact_with_crafting_table":41,"minecraft:leave_game":3,"minecraft:time_since_death":167572,"minecraft:sprint_one_cm":278044,"minecraft:walk_one_cm":314549,"minecraft:drop":58,"minecraft:talked_to_villager":25,"minecraft:sneak_time":34564,"minecraft:walk_under_water_one_cm":97053,"minecraft:boat_one_cm":470292,"minecraft:jump":2731,"minecraft:walk_on_water_one_cm":28320,"minecraft:interact_with_furnace":12,"minecraft:play_one_minute":167572,"minecraft:sleep_in_bed":5,"minecraft:time_since_rest":104315,"minecraft:damage_taken":1031,"minecraft:damage_dealt":15851,"minecraft:swim_one_cm":127474,"minecraft:fly_one_cm":382568,"minecraft:open_chest":70,"minecraft:crouch_one_cm":99693,"minecraft:fall_one_cm":49514},"minecraft:broken":{"minecraft:iron_pickaxe":1,"minecraft:iron_helmet":1,"minecraft:stone_shovel":1}},"DataVersion":2586}