{"stats":{"minecraft:crafted":{"minecraft:oak_planks":116,"minecraft:stone_shovel":1,"minecraft:furnace":4,"minecraft:cooked_mutton":6,"minecraft:flint_and_steel":1,"minecraft:oak_trapdoor":2,"minecraft:stone_pickaxe":1,"minecraft:chest":3,"minecraft:oak_slab":24,"minecraft:crafting_table":4,"minecraft:spruce_planks":52,"minecraft:wooden_pickaxe":1,"minecraft:bucket":1,"minecraft:stone_axe":1,"minecraft:air":0,"minecraft:oak_boat":5,"minecraft:spruce_trapdoor":2,"minecraft:diamond_pickaxe":1,"minecraft:shield":1,"minecraft:stick":52,"minecraft:iron_ingot":7,"minecraft:iron_shovel":1,"minecraft:white_bed":1,"minecraft:torch":56,"minecraft:diamond_chestplate":1},"minecraft:picked_up":{"minecraft:crafting_table":8,"minecraft:azure_bluet":25,"minecraft:wooden_pickaxe":1,"minecraft:crimson_planks":4,"minecraft:brewing_stand":1,"minecraft:spruce_planks":9,"minecraft:beef":7,"minecraft:oak_boat":11,"minecraft:spruce_slab":6,"immersive_paintings:glow_painting":2,"minecraft:sugar_cane":7,"minecraft:chest":6,"minecraft:furnace":4,"minecraft:iron_boots":4,"minecraft:stick":25,"minecraft:composter":1,"minecraft:torch":14,"minecraft:spruce_stairs":1,"minecraft:porkchop":17,"minecraft:diorite":21,"minecraft:redstone":44,"minecraft:purple_terracotta":5,"minecraft:arrow":1,"minecraft:gold_ingot":30,"minecraft:mutton":14,"minecraft:snowball":8,"minecraft:white_wool":10,"minecraft:cobblestone":485,"minecraft:lilac":1,"minecraft:andesite":35,"minecraft:leather":5,"minecraft:potato":1,"minecraft:flint":4,"minecraft:oak_log":29,"minecraft:dirt":36,"minecraft:name_tag":1,"minecraft:bone":3,"minecraft:kelp":2,"minecraft:bow":1,"minecraft:wheat_seeds":46,"minecraft:cobweb":4,"minecraft:stone_pickaxe":2,"minecraft:iron_ore":27,"minecraft:powered_rail":10,"minecraft:oak_planks":14,"minecraft:cooked_porkchop":15,"minecraft:quartz":164,"minecraft:dandelion":40,"minecraft:jungle_planks":5,"minecraft:gravel":36,"minecraft:sand":67,"minecraft:spruce_sapling":4,"minecraft:ink_sac":7,"minecraft:white_bed":7,"minecraft:spruce_log":14,"minecraft:blue_terracotta":19,"minecraft:slime_ball":35,"minecraft:diamond":4,"minecraft:chainmail_leggings":5,"minecraft:iron_helmet":1,"minecraft:granite":12,"minecraft:golden_apple":3,"minecraft:emerald":21,"minecraft:coal":109},"minecraft:mined":{"minecraft:spruce_planks":9,"minecraft:white_bed":7,"minecraft:brewing_stand":1,"minecraft:granite":12,"minecraft:purple_terracotta":5,"minecraft:grass_block":34,"minecraft:jungle_planks":5,"minecraft:composter":1,"minecraft:spawner":3,"minecraft:redstone_ore":10,"minecraft:furnace":4,"minecraft:carrots":3,"minecraft:iron_ore":27,"minecraft:fire":2,"minecraft:snow":9,"minecraft:andesite":35,"minecraft:azure_bluet":5,"minecraft:potatoes":1,"minecraft:stone":482,"minecraft:spruce_slab":6,"minecraft:oak_slab":24,"minecraft:kelp_plant":1,"minecraft:dandelion":9,"minecraft:crafting_table":8,"minecraft:torch":6,"minecraft:chest":3,"minecraft:mushroom_stem":34,"minecraft:tall_grass":10,"minecraft:cobblestone":19,"minecraft:sugar_cane":4,"minecraft:oak_planks":9,"minecraft:diorite":21,"minecraft:wall_torch":4,"minecraft:spruce_stairs":1,"minecraft:blue_terracotta":23,"minecraft:wheat":1,"minecraft:lilac":1,"minecraft:spruce_log":15,"minecraft:grass":55,"minecraft:oak_log":29,"minecraft:coal_ore":43,"minecraft:gravel":40,"minecraft:sand":70,"minecraft:dirt":26,"minecraft:crimson_planks":4,"minecraft:oak_leaves":2},"minecraft:used":{"minecraft:oak_trapdoor":2,"minecraft:blue_terracotta":19,"minecraft:iron_shovel":48,"minecraft:flint_and_steel":3,"minecraft:spruce_slab":6,"minecraft:stone_shovel":133,"minecraft:chest":6,"minecraft:shield":40,"minecraft:iron_sword":117,"minecraft:torch":74,"minecraft:dirt":31,"minecraft:spruce_stairs":1,"minecraft:lava_bucket":11,"minecraft:crimson_planks":1,"minecraft:furnace":8,"minecraft:cooked_mutton":4,"minecraft:water_bucket":12,"minecraft:stone_pickaxe":24,"minecraft:oak_planks":12,"minecraft:wooden_pickaxe":13,"minecraft:composter":1,"minecraft:sand":43,"minecraft:oak_slab":24,"minecraft:crafting_table":12,"immersive_paintings:glow_painting":1,"minecraft:white_bed":8,"minecraft:spruce_log":1,"minecraft:diamond_pickaxe":121,"minecraft:bread":2,"minecraft:iron_pickaxe":528,"minecraft:spruce_trapdoor":2,"minecraft:gravel":22,"minecraft:lilac":1,"minecraft:stone_axe":120,"minecraft:cobblestone":49,"minecraft:cooked_porkchop":4,"minecraft:bucket":24,"minecraft:andesite":5,"minecraft:oak_boat":13},"minecraft:killed":{"minecraft:vindicator":15,"minecraft:spider":1,"minecraft:skeleton":6,"minecraft:pig":9,"minecraft:squid":4,"minecraft:sheep":10,"minecraft:zombie":1,"minecraft:wither_skeleton":1,"minecraft:cow":4},"minecraft:dropped":{"minecraft:purple_terracotta":5,"minecraft:wheat_seeds":10,"minecraft:iron_helmet":1,"minecraft:cobblestone":2,"minecraft:golden_apple":2,"minecraft:chainmail_leggings":4,"minecraft:dandelion":16,"minecraft:gold_ingot":10,"minecraft:bone":2,"minecraft:oak_planks":6,"minecraft:iron_boots":2,"minecraft:azure_bluet":10,"minecraft:chest":2,"minecraft:stone_pickaxe":1,"minecraft:bow":1,"minecraft:quartz":82},"minecraft:custom":{"minecraft:mob_kills":51,"minecraft:interact_with_crafting_table":26,"minecraft:leave_game":3,"minecraft:time_since_death":89572,"minecraft:sprint_one_cm":102675,"minecraft:walk_one_cm":138643,"minecraft:drop":48,"minecraft:talked_to_villager":25,"minecraft:sneak_time":17554,"minecraft:walk_under_water_one_cm":8840,"minecraft:boat_one_cm":467796,"minecraft:jump":1374,"minecraft:walk_on_water_one_cm":20708,"minecraft:interact_with_furnace":12,"minecraft:play_one_minute":89572,"minecraft:sleep_in_bed":5,"minecraft:time_since_rest":26315,"minecraft:damage_taken":277,"minecraft:damage_dealt":8204,"minecraft:swim_one_cm":39624,"minecraft:fly_one_cm":213215,"minecraft:open_chest":37,"minecraft:crouch_one_cm":44268,"minecraft:fall_one_cm":26339},"minecraft:broken":{"minecraft:stone_shovel":1}},"DataVersion":2586}