{"stats":{"minecraft:used":{"minecraft:lilac":1,"minecraft:crafting_table":1,"minecraft:oak_boat":1},"minecraft:mined":{"minecraft:grass":1,"minecraft:oak_log":5,"minecraft:lilac":1,"minecraft:crafting_table":1},"minecraft:picked_up":{"minecraft:crafting_table":1,"minecraft:lilac":1,"minecraft:oak_boat":1,"minecraft:oak_log":5,"immersive_paintings:glow_painting":1,"minecraft:mutton":6,"minecraft:white_wool":4},"minecraft:custom":{"minecraft:time_since_rest":4843,"minecraft:play_one_minute":4843,"minecraft:crouch_one_cm":990,"minecraft:sprint_one_cm":11042,"minecraft:walk_one_cm":3872,"minecraft:sneak_time":407,"minecraft:mob_kills":4,"minecraft:boat_one_cm":40325,"minecraft:jump":73,"minecraft:damage_dealt":320,"minecraft:time_since_death":4843,"minecraft:walk_on_water_one_cm":362,"minecraft:fall_one_cm":418,"minecraft:interact_with_crafting_table":2,"minecraft:fly_one_cm":12048},"minecraft:crafted":{"minecraft:oak_boat":1,"minecraft:oak_planks":20,"minecraft:crafting_table":1,"minecraft:stick":8,"minecraft:wooden_pickaxe":1},"minecraft:killed":{"minecraft:sheep":4}},"DataVersion":2586}