{"stats":{"minecraft:dropped":{"minecraft:purple_terracotta":5,"minecraft:wheat_seeds":1,"minecraft:cobblestone":2,"minecraft:oak_planks":6,"minecraft:bow":1,"minecraft:bone":2},"minecraft:used":{"minecraft:cooked_mutton":3,"minecraft:water_bucket":1,"minecraft:blue_terracotta":19,"minecraft:stone_pickaxe":24,"minecraft:stone_shovel":117,"minecraft:spruce_slab":6,"minecraft:oak_planks":4,"minecraft:shield":40,"minecraft:wooden_pickaxe":13,"minecraft:iron_sword":98,"minecraft:torch":26,"minecraft:dirt":28,"minecraft:sand":9,"minecraft:oak_slab":24,"minecraft:crafting_table":8,"minecraft:spruce_stairs":1,"minecraft:white_bed":3,"minecraft:diamond_pickaxe":43,"minecraft:bread":2,"minecraft:iron_pickaxe":9,"minecraft:gravel":22,"minecraft:crimson_planks":1,"minecraft:lilac":1,"minecraft:stone_axe":65,"minecraft:cobblestone":10,"minecraft:furnace":4,"minecraft:cooked_porkchop":2,"minecraft:bucket":2,"minecraft:oak_boat":4},"minecraft:mined":{"minecraft:oak_slab":24,"minecraft:spruce_planks":9,"minecraft:white_bed":3,"minecraft:crafting_table":6,"minecraft:purple_terracotta":5,"minecraft:grass_block":29,"minecraft:jungle_planks":5,"minecraft:mushroom_stem":34,"minecraft:tall_grass":1,"minecraft:cobblestone":7,"minecraft:oak_planks":1,"minecraft:spawner":3,"minecraft:spruce_stairs":1,"minecraft:blue_terracotta":23,"minecraft:furnace":3,"minecraft:iron_ore":7,"minecraft:lilac":1,"minecraft:grass":9,"minecraft:oak_log":15,"minecraft:coal_ore":15,"minecraft:sand":23,"minecraft:gravel":34,"minecraft:dirt":23,"minecraft:crimson_planks":4,"minecraft:stone":25,"minecraft:spruce_slab":6},"minecraft:picked_up":{"minecraft:crafting_table":6,"minecraft:lilac":1,"minecraft:flint":3,"minecraft:oak_log":15,"minecraft:crimson_planks":4,"minecraft:dirt":28,"minecraft:bone":2,"minecraft:bow":1,"minecraft:wheat_seeds":1,"minecraft:spruce_planks":9,"minecraft:iron_ore":7,"minecraft:oak_boat":2,"immersive_paintings:glow_painting":1,"minecraft:spruce_slab":6,"minecraft:oak_planks":6,"minecraft:furnace":3,"minecraft:cooked_porkchop":15,"minecraft:sand":21,"minecraft:spruce_stairs":1,"minecraft:gravel":22,"minecraft:porkchop":15,"minecraft:jungle_planks":5,"minecraft:white_bed":3,"minecraft:purple_terracotta":5,"minecraft:arrow":1,"minecraft:blue_terracotta":19,"minecraft:emerald":8,"minecraft:mutton":10,"minecraft:coal":17,"minecraft:white_wool":7,"minecraft:cobblestone":27},"minecraft:custom":{"minecraft:interact_with_furnace":10,"minecraft:mob_kills":38,"minecraft:interact_with_crafting_table":14,"minecraft:play_one_minute":38235,"minecraft:leave_game":2,"minecraft:time_since_death":38235,"minecraft:sleep_in_bed":3,"minecraft:time_since_rest":1643,"minecraft:sprint_one_cm":38406,"minecraft:damage_taken":265,"minecraft:walk_one_cm":43134,"minecraft:drop":9,"minecraft:damage_dealt":6626,"minecraft:talked_to_villager":9,"minecraft:swim_one_cm":13750,"minecraft:fly_one_cm":81765,"minecraft:open_chest":6,"minecraft:crouch_one_cm":18590,"minecraft:sneak_time":7964,"minecraft:walk_under_water_one_cm":2185,"minecraft:boat_one_cm":179970,"minecraft:jump":623,"minecraft:walk_on_water_one_cm":6503,"minecraft:fall_one_cm":12435},"minecraft:crafted":{"minecraft:oak_planks":60,"minecraft:oak_slab":24,"minecraft:stone_shovel":1,"minecraft:crafting_table":2,"minecraft:wooden_pickaxe":1,"minecraft:furnace":1,"minecraft:bucket":1,"minecraft:stone_axe":1,"minecraft:cooked_mutton":6,"minecraft:air":0,"minecraft:oak_boat":3,"minecraft:diamond_pickaxe":1,"minecraft:shield":1,"minecraft:stick":36,"minecraft:iron_ingot":7,"minecraft:stone_pickaxe":1,"minecraft:white_bed":1,"minecraft:torch":16,"minecraft:diamond_chestplate":1},"minecraft:killed":{"minecraft:pig":8,"minecraft:spider":1,"minecraft:vindicator":15,"minecraft:sheep":7,"minecraft:skeleton":6,"minecraft:zombie":1}},"DataVersion":2586}