{"stats":{"minecraft:dropped":{"minecraft:purple_terracotta":5,"minecraft:wheat_seeds":1,"minecraft:cobblestone":2,"minecraft:oak_planks":6,"minecraft:bow":1,"minecraft:bone":2},"minecraft:used":{"minecraft:cooked_mutton":3,"minecraft:water_bucket":5,"minecraft:blue_terracotta":19,"minecraft:iron_shovel":10,"minecraft:stone_pickaxe":24,"minecraft:stone_shovel":133,"minecraft:spruce_slab":6,"minecraft:oak_planks":12,"minecraft:chest":2,"minecraft:shield":40,"minecraft:wooden_pickaxe":13,"minecraft:iron_sword":98,"minecraft:torch":26,"minecraft:dirt":28,"minecraft:sand":24,"minecraft:oak_slab":24,"minecraft:crafting_table":8,"minecraft:spruce_stairs":1,"minecraft:white_bed":4,"minecraft:diamond_pickaxe":44,"minecraft:bread":2,"minecraft:iron_pickaxe":10,"minecraft:gravel":22,"minecraft:crimson_planks":1,"minecraft:lilac":1,"minecraft:stone_axe":93,"minecraft:cobblestone":10,"minecraft:furnace":4,"minecraft:cooked_porkchop":3,"minecraft:bucket":6,"minecraft:oak_boat":10},"minecraft:broken":{"minecraft:stone_shovel":1},"minecraft:mined":{"minecraft:oak_slab":24,"minecraft:spruce_planks":9,"minecraft:white_bed":4,"minecraft:dandelion":9,"minecraft:brewing_stand":1,"minecraft:crafting_table":7,"minecraft:purple_terracotta":5,"minecraft:grass_block":29,"minecraft:jungle_planks":5,"minecraft:mushroom_stem":34,"minecraft:tall_grass":10,"minecraft:cobblestone":7,"minecraft:sugar_cane":4,"minecraft:composter":1,"minecraft:oak_planks":7,"minecraft:spawner":3,"minecraft:spruce_stairs":1,"minecraft:blue_terracotta":23,"minecraft:furnace":4,"minecraft:carrots":3,"minecraft:wheat":1,"minecraft:iron_ore":7,"minecraft:lilac":1,"minecraft:azure_bluet":5,"minecraft:grass":55,"minecraft:potatoes":1,"minecraft:oak_log":29,"minecraft:coal_ore":15,"minecraft:sand":51,"minecraft:gravel":34,"minecraft:dirt":23,"minecraft:crimson_planks":4,"minecraft:stone":25,"minecraft:oak_leaves":2,"minecraft:spruce_slab":6},"minecraft:picked_up":{"minecraft:azure_bluet":5,"minecraft:crafting_table":7,"minecraft:lilac":1,"minecraft:potato":1,"minecraft:flint":3,"minecraft:oak_log":29,"minecraft:crimson_planks":4,"minecraft:brewing_stand":1,"minecraft:dirt":28,"minecraft:bone":2,"minecraft:bow":1,"minecraft:wheat_seeds":10,"minecraft:spruce_planks":9,"minecraft:iron_ore":7,"minecraft:oak_boat":6,"immersive_paintings:glow_painting":1,"minecraft:spruce_slab":6,"minecraft:sugar_cane":7,"minecraft:oak_planks":12,"minecraft:furnace":4,"minecraft:cooked_porkchop":15,"minecraft:composter":1,"minecraft:dandelion":8,"minecraft:sand":48,"minecraft:spruce_stairs":1,"minecraft:gravel":22,"minecraft:porkchop":15,"minecraft:jungle_planks":5,"minecraft:white_bed":4,"minecraft:purple_terracotta":5,"minecraft:arrow":1,"minecraft:blue_terracotta":19,"minecraft:emerald":8,"minecraft:mutton":10,"minecraft:coal":17,"minecraft:white_wool":7,"minecraft:cobblestone":27},"minecraft:custom":{"minecraft:interact_with_furnace":10,"minecraft:mob_kills":38,"minecraft:interact_with_crafting_table":18,"minecraft:play_one_minute":50235,"minecraft:leave_game":2,"minecraft:time_since_death":50235,"minecraft:sleep_in_bed":4,"minecraft:time_since_rest":565,"minecraft:sprint_one_cm":57028,"minecraft:damage_taken":266,"minecraft:walk_one_cm":63911,"minecraft:drop":9,"minecraft:damage_dealt":6626,"minecraft:talked_to_villager":13,"minecraft:swim_one_cm":14588,"minecraft:fly_one_cm":144507,"minecraft:open_chest":9,"minecraft:crouch_one_cm":19955,"minecraft:sneak_time":8841,"minecraft:walk_under_water_one_cm":2605,"minecraft:boat_one_cm":336765,"minecraft:jump":894,"minecraft:walk_on_water_one_cm":7477,"minecraft:fall_one_cm":17151},"minecraft:crafted":{"minecraft:oak_planks":116,"minecraft:oak_slab":24,"minecraft:stone_shovel":1,"minecraft:crafting_table":2,"minecraft:wooden_pickaxe":1,"minecraft:furnace":1,"minecraft:bucket":1,"minecraft:stone_axe":1,"minecraft:cooked_mutton":6,"minecraft:air":0,"minecraft:oak_boat":4,"minecraft:diamond_pickaxe":1,"minecraft:shield":1,"minecraft:stick":44,"minecraft:iron_ingot":7,"minecraft:stone_pickaxe":1,"minecraft:chest":2,"minecraft:iron_shovel":1,"minecraft:white_bed":1,"minecraft:torch":16,"minecraft:diamond_chestplate":1},"minecraft:killed":{"minecraft:pig":8,"minecraft:spider":1,"minecraft:vindicator":15,"minecraft:sheep":7,"minecraft:skeleton":6,"minecraft:zombie":1}},"DataVersion":2586}