{"stats":{"minecraft:broken":{"minecraft:iron_boots":1,"minecraft:iron_leggings":1,"minecraft:iron_axe":1,"minecraft:iron_pickaxe":2,"minecraft:iron_helmet":1,"minecraft:stone_shovel":1},"minecraft:dropped":{"minecraft:bread":96,"minecraft:purple_terracotta":5,"minecraft:birch_planks":2,"minecraft:wheat_seeds":14,"minecraft:cooked_beef":1,"minecraft:iron_helmet":1,"minecraft:cobblestone":2,"minecraft:iron_horse_armor":1,"minecraft:golden_apple":2,"minecraft:leather_helmet":1,"minecraft:dirt":5,"minecraft:chainmail_leggings":4,"minecraft:bone":2,"minecraft:dandelion":16,"minecraft:gold_ingot":10,"minecraft:stone_axe":1,"minecraft:golden_chestplate":1,"minecraft:oak_planks":6,"minecraft:iron_boots":2,"minecraft:azure_bluet":10,"minecraft:andesite":3,"minecraft:chest":2,"minecraft:arrow":1,"minecraft:bow":1,"minecraft:stone_pickaxe":1,"minecraft:magma_block":1,"minecraft:quartz":82,"minecraft:netherrack":1},"minecraft:killed_by":{"mutantbeasts:mutant_skeleton":1},"minecraft:killed":{"minecraft:vindicator":15,"minecraft:spider":4,"dungeons_mobs:fungus_thrower":1,"minecraft:skeleton":14,"minecraft:silverfish":1,"minecraft:drowned":2,"minecraft:tropical_fish":1,"minecraft:magma_cube":2,"majruszs_difficulty:creeperling":1,"minecraft:pig":9,"dungeons_mobs:wraith":1,"minecraft:squid":4,"minecraft:sheep":10,"minecraft:zombie":1,"minecraft:wither_skeleton":4,"minecraft:enderman":3,"minecraft:blaze":10,"minecraft:cow":4,"mowziesmobs:naga":1},"minecraft:crafted":{"minecraft:oak_planks":116,"minecraft:cobblestone_slab":288,"minecraft:stone_shovel":1,"minecraft:blaze_powder":2,"minecraft:furnace":4,"minecraft:mushroom_stew":2,"minecraft:bone_meal":36,"minecraft:cooked_mutton":10,"minecraft:flint_and_steel":1,"minecraft:oak_trapdoor":2,"minecraft:glass":12,"minecraft:bow":1,"minecraft:iron_axe":4,"minecraft:stone_pickaxe":1,"minecraft:chest":5,"minecraft:ender_eye":1,"minecraft:birch_sign":6,"minecraft:golden_boots":1,"minecraft:cooked_beef":7,"minecraft:crossbow":1,"minecraft:oak_slab":24,"minecraft:arrow":64,"minecraft:emerald":48,"minecraft:crafting_table":8,"minecraft:spruce_planks":864,"minecraft:enchanting_table":1,"minecraft:wooden_pickaxe":1,"minecraft:iron_helmet":1,"minecraft:spruce_door":3,"minecraft:bowl":4,"minecraft:fletching_table":1,"minecraft:bucket":1,"minecraft:birch_planks":48,"minecraft:stone_axe":1,"minecraft:bread":126,"minecraft:air":0,"minecraft:oak_boat":5,"minecraft:spruce_trapdoor":6,"minecraft:diamond_pickaxe":1,"minecraft:shield":2,"minecraft:stick":1616,"minecraft:iron_ingot":27,"minecraft:iron_pickaxe":2,"minecraft:iron_shovel":1,"minecraft:gold_ingot":5,"minecraft:white_bed":3,"minecraft:torch":192,"minecraft:diamond_chestplate":1},"minecraft:mined":{"minecraft:nether_gold_ore":13,"minecraft:spruce_planks":9,"minecraft:white_bed":7,"minecraft:brewing_stand":1,"minecraft:obsidian":4,"minecraft:spruce_trapdoor":4,"minecraft:nether_bricks":36,"minecraft:granite":26,"minecraft:purple_terracotta":5,"minecraft:grass_block":61,"minecraft:infested_cobblestone":2,"minecraft:jungle_planks":5,"minecraft:spruce_leaves":37,"minecraft:kelp":22,"minecraft:composter":1,"minecraft:red_mushroom":2,"minecraft:nether_wart":6,"minecraft:spawner":3,"minecraft:redstone_ore":10,"minecraft:magma_block":11,"minecraft:glowstone":4,"minecraft:furnace":4,"minecraft:carrots":3,"minecraft:iron_ore":39,"minecraft:fire":21,"minecraft:snow":9,"minecraft:andesite":48,"minecraft:fletching_table":2,"minecraft:azure_bluet":5,"minecraft:potatoes":1,"minecraft:cobblestone_slab":3,"minecraft:stone":1054,"minecraft:spruce_slab":6,"minecraft:oak_slab":24,"minecraft:brown_mushroom":9,"minecraft:soul_sand":32,"minecraft:kelp_plant":24,"minecraft:dandelion":10,"minecraft:crafting_table":12,"minecraft:torch":8,"minecraft:emerald_ore":2,"minecraft:chest":4,"minecraft:mushroom_stem":34,"minecraft:nether_quartz_ore":8,"minecraft:tall_grass":10,"minecraft:cobblestone":36,"minecraft:oak_planks":9,"minecraft:sugar_cane":4,"minecraft:diorite":31,"minecraft:wall_torch":6,"minecraft:spruce_stairs":1,"minecraft:blue_terracotta":23,"minecraft:birch_log":12,"minecraft:wheat":1,"minecraft:lilac":1,"minecraft:spruce_log":421,"minecraft:grass":57,"minecraft:coal_ore":49,"minecraft:oak_log":29,"minecraft:gravel":46,"minecraft:sand":70,"minecraft:dirt":36,"minecraft:crimson_planks":4,"minecraft:netherrack":15,"minecraft:gold_ore":4,"minecraft:oak_leaves":2,"minecraft:infested_stone":7},"minecraft:used":{"minecraft:oak_trapdoor":2,"minecraft:blue_terracotta":19,"minecraft:iron_shovel":120,"minecraft:flint_and_steel":3,"minecraft:enchanting_table":1,"minecraft:spruce_slab":6,"minecraft:stone_shovel":133,"minecraft:chest":9,"minecraft:shield":102,"minecraft:iron_sword":191,"minecraft:nether_wart":12,"minecraft:rotten_flesh":1,"minecraft:netherrack":2,"minecraft:torch":201,"minecraft:soul_sand":10,"minecraft:dirt":35,"minecraft:spruce_stairs":1,"minecraft:nether_bricks":8,"minecraft:granite":5,"minecraft:lava_bucket":11,"minecraft:iron_axe":482,"minecraft:crimson_planks":1,"minecraft:magma_block":4,"minecraft:bow":32,"minecraft:furnace":8,"minecraft:cooked_beef":2,"minecraft:cooked_mutton":7,"minecraft:water_bucket":26,"minecraft:diorite":4,"minecraft:spruce_door":3,"minecraft:stone_pickaxe":24,"minecraft:oak_planks":12,"minecraft:ender_pearl":1,"minecraft:wooden_pickaxe":13,"minecraft:composter":1,"minecraft:fletching_table":3,"minecraft:cobblestone_slab":210,"minecraft:sand":43,"minecraft:birch_sign":6,"minecraft:oak_slab":24,"minecraft:mushroom_stew":2,"immersive_paintings:glow_painting":1,"minecraft:crafting_table":20,"minecraft:crossbow":2,"minecraft:white_bed":10,"minecraft:spruce_log":1,"minecraft:ender_eye":1,"minecraft:diamond_pickaxe":578,"minecraft:iron_pickaxe":815,"minecraft:bread":6,"minecraft:spruce_trapdoor":10,"minecraft:gravel":24,"minecraft:spruce_sapling":28,"minecraft:lilac":1,"minecraft:stone_axe":124,"minecraft:cobblestone":607,"minecraft:cooked_porkchop":15,"minecraft:andesite":7,"minecraft:bucket":38,"minecraft:oak_boat":24,"minecraft:kelp":208,"minecraft:bone_meal":22},"minecraft:picked_up":{"minecraft:crafting_table":12,"minecraft:azure_bluet":25,"minecraft:nether_wart":15,"minecraft:leather_leggings":1,"minecraft:brown_mushroom":9,"minecraft:wooden_pickaxe":1,"minecraft:crimson_planks":4,"minecraft:brewing_stand":1,"minecraft:shield":1,"minecraft:flint_and_steel":1,"minecraft:iron_axe":1,"minecraft:string":4,"minecraft:iron_shovel":1,"minecraft:gold_nugget":50,"minecraft:spruce_planks":18,"minecraft:beef":7,"minecraft:iron_pickaxe":1,"minecraft:oak_boat":23,"minecraft:cobblestone_slab":3,"minecraft:ender_eye":1,"immersive_paintings:glow_painting":2,"minecraft:spruce_slab":6,"minecraft:sugar_cane":7,"minecraft:chest":7,"minecraft:spruce_trapdoor":4,"minecraft:iron_boots":4,"minecraft:furnace":4,"minecraft:stick":110,"minecraft:composter":1,"minecraft:torch":44,"minecraft:spruce_stairs":1,"minecraft:fire_charge":2,"minecraft:porkchop":17,"minecraft:diorite":32,"minecraft:redstone":44,"minecraft:golden_chestplate":1,"minecraft:iron_horse_armor":1,"minecraft:purple_terracotta":5,"minecraft:arrow":53,"minecraft:rotten_flesh":1,"minecraft:tropical_fish":1,"minecraft:nether_bricks":31,"minecraft:gold_ingot":31,"minecraft:blaze_rod":5,"minecraft:obsidian":4,"minecraft:mutton":14,"minecraft:snowball":8,"minecraft:white_wool":10,"minecraft:cobblestone":1195,"minecraft:nautilus_shell":1,"minecraft:birch_log":12,"minecraft:water_bucket":1,"minecraft:magma_block":11,"minecraft:cooked_beef":1,"minecraft:lilac":1,"minecraft:andesite":48,"minecraft:leather":5,"minecraft:red_mushroom":2,"minecraft:potato":1,"minecraft:birch_planks":2,"minecraft:flint":4,"minecraft:oak_log":29,"minecraft:dirt":69,"minecraft:name_tag":1,"minecraft:cooked_mutton":3,"minecraft:bone":24,"minecraft:iron_ingot":21,"minecraft:kelp":281,"minecraft:bow":4,"minecraft:wheat_seeds":51,"minecraft:stone_pickaxe":2,"minecraft:cobweb":4,"minecraft:iron_ore":39,"minecraft:fletching_table":2,"minecraft:glowstone_dust":13,"minecraft:powered_rail":10,"minecraft:oak_planks":14,"minecraft:soul_sand":32,"minecraft:cooked_porkchop":15,"minecraft:quartz":172,"minecraft:dandelion":41,"minecraft:gravel":42,"minecraft:sand":67,"minecraft:jungle_planks":5,"minecraft:spruce_sapling":61,"minecraft:ink_sac":10,"minecraft:white_bed":7,"minecraft:spruce_log":571,"minecraft:gold_ore":4,"minecraft:leather_helmet":1,"minecraft:blue_terracotta":19,"minecraft:slime_ball":35,"minecraft:diamond":4,"minecraft:crossbow":1,"minecraft:chainmail_leggings":5,"minecraft:iron_helmet":2,"minecraft:granite":22,"minecraft:bone_meal":1,"minecraft:golden_apple":3,"minecraft:bread":26,"minecraft:emerald":43,"minecraft:netherrack":12,"minecraft:coal":130,"minecraft:diamond_pickaxe":1,"minecraft:ender_pearl":2},"minecraft:custom":{"minecraft:mob_kills":91,"minecraft:interact_with_crafting_table":65,"minecraft:leave_game":8,"minecraft:time_since_death":23548,"minecraft:sprint_one_cm":441601,"minecraft:walk_one_cm":467377,"minecraft:drop":66,"minecraft:talked_to_villager":47,"minecraft:sneak_time":45635,"minecraft:deaths":1,"minecraft:walk_under_water_one_cm":177674,"minecraft:boat_one_cm":470292,"minecraft:jump":3553,"minecraft:walk_on_water_one_cm":37066,"minecraft:interact_with_furnace":26,"minecraft:traded_with_villager":75,"minecraft:play_one_minute":337550,"minecraft:sleep_in_bed":6,"minecraft:time_since_rest":23555,"minecraft:damage_taken":1401,"minecraft:damage_dealt":17094,"minecraft:swim_one_cm":141359,"minecraft:fly_one_cm":511686,"minecraft:open_chest":121,"minecraft:crouch_one_cm":134414,"minecraft:fall_one_cm":60444}},"DataVersion":2586}