{"stats":{"minecraft:mined":{"minecraft:grass":1},"minecraft:custom":{"minecraft:jump":23,"minecraft:time_since_rest":4522,"minecraft:crouch_one_cm":269,"minecraft:play_one_minute":4522,"minecraft:sprint_one_cm":6153,"minecraft:walk_on_water_one_cm":7497,"minecraft:time_since_death":4522,"minecraft:walk_one_cm":3883,"minecraft:sneak_time":476,"minecraft:trigger_trapped_chest":1,"minecraft:walk_under_water_one_cm":3285,"minecraft:drop":2,"minecraft:fly_one_cm":54840},"minecraft:used":{"minecraft:oak_leaves":4,"minecraft:grass_block":6},"minecraft:dropped":{"minecraft:oak_leaves":1,"minecraft:grass_block":1}},"DataVersion":2586}