{"stats":{"minecraft:dropped":{"minecraft:stone":1,"minecraft:black_dye":64,"minecraft:bone_meal":1,"minecraft:lime_dye":3,"minecraft:blue_dye":1,"minecraft:brown_dye":2,"minecraft:red_dye":3,"minecraft:creeper_banner_pattern":1,"minecraft:yellow_dye":5,"minecraft:crafting_table":1,"minecraft:pink_dye":1,"minecraft:lime_banner":3,"minecraft:zombie_spawn_egg":1},"minecraft:crafted":{"minecraft:shield":1},"minecraft:picked_up":{"minecraft:black_dye":64,"minecraft:crafting_table":1,"minecraft:lime_banner":2,"minecraft:lime_dye":3,"minecraft:creeper_banner_pattern":1,"minecraft:yellow_dye":5,"minecraft:blue_dye":1,"minecraft:red_dye":3,"minecraft:bone_meal":1,"minecraft:brown_dye":2,"minecraft:pink_dye":1},"minecraft:custom":{"minecraft:time_since_rest":27833,"minecraft:play_one_minute":27833,"minecraft:crouch_one_cm":791,"minecraft:interact_with_loom":4,"minecraft:sprint_one_cm":3133,"minecraft:walk_one_cm":4927,"minecraft:sneak_time":770,"minecraft:drop":24,"minecraft:jump":44,"minecraft:damage_dealt":9,"minecraft:time_since_death":27833,"minecraft:walk_on_water_one_cm":147,"minecraft:interact_with_crafting_table":2,"minecraft:fly_one_cm":103550},"minecraft:mined":{"minecraft:grass":2},"minecraft:used":{"minecraft:lime_banner":2,"minecraft:lava_bucket":1,"minecraft:potion":6,"minecraft:crafting_table":2,"minecraft:loom":1,"minecraft:grass_block":1,"minecraft:zombie_spawn_egg":1,"minecraft:sand":1}},"DataVersion":2586}