{"stats":{"minecraft:broken":{"minecraft:iron_shovel":4,"minecraft:stone_pickaxe":2,"minecraft:iron_pickaxe":10},"minecraft:dropped":{"minecraft:iron_sword":3,"minecraft:wheat_seeds":8,"minecraft:horn_coral_block":2,"minecraft:red_nether_brick_slab":2,"minecraft:cobblestone":27,"minecraft:apple":3,"minecraft:granite":1,"minecraft:grass_block":1,"minecraft:stick":2,"minecraft:lava_bucket":1,"minecraft:dirt":40,"minecraft:diorite":4,"minecraft:wooden_axe":1,"minecraft:bone_meal":1,"minecraft:polished_basalt":1,"minecraft:string":3,"armadurasdedsafio:made_in_heaven":2,"minecraft:stone_brick_slab":2,"minecraft:redstone":1,"minecraft:bone":14,"minecraft:gravel":17,"minecraft:soul_torch":7,"minecraft:rotten_flesh":8,"minecraft:netherite_shovel":1,"secretroomsmod:ghost_block":1,"minecraft:azure_bluet":1,"minecraft:stone_stairs":1,"minecraft:infested_stone_bricks":1,"minecraft:andesite":1,"minecraft:chest":2,"minecraft:oak_sapling":2,"minecraft:arrow":12,"minecraft:wooden_pickaxe":1,"minecraft:stone_brick_stairs":1,"minecraft:splash_potion":1,"minecraft:light_blue_shulker_box":3},"minecraft:killed":{"minecraft:spider":8,"majruszs_difficulty:elite_skeleton":1,"minecraft:horse":1,"minecraft:skeleton":21,"minecraft:chicken":4,"minecraft:silverfish":15,"majruszs_difficulty:creeperling":3,"minecraft:pig":3,"minecraft:bat":1,"minecraft:ravager":5,"minecraft:creeper":20,"minecraft:sheep":3,"minecraft:zombie":21,"dungeons_mobs:sunken_skeleton":3,"minecraft:wither_skeleton":1,"minecraft:villager":1,"minecraft:enderman":1},"minecraft:crafted":{"minecraft:oak_planks":124,"minecraft:cobblestone_slab":120,"minecraft:cooked_chicken":2,"minecraft:furnace":3,"minecraft:diamond_helmet":1,"minecraft:diamond_leggings":1,"minecraft:iron_axe":1,"minecraft:iron_hoe":1,"minecraft:stone_pickaxe":2,"minecraft:chest":6,"minecraft:diamond_boots":1,"minecraft:birch_sign":6,"minecraft:red_dye":2,"minecraft:cooked_porkchop":3,"minecraft:crafting_table":3,"minecraft:wooden_pickaxe":1,"minecraft:baked_potato":12,"minecraft:iron_sword":1,"minecraft:red_bed":1,"minecraft:bucket":1,"minecraft:birch_planks":44,"minecraft:stone_axe":1,"minecraft:bread":30,"minecraft:air":0,"minecraft:diamond_pickaxe":1,"minecraft:shield":1,"minecraft:stick":144,"minecraft:iron_ingot":80,"minecraft:iron_pickaxe":11,"minecraft:wooden_axe":1,"minecraft:iron_shovel":4,"minecraft:white_bed":1,"minecraft:torch":312,"minecraft:diamond_chestplate":1},"minecraft:mined":{"minecraft:diamond_ore":28,"minecraft:granite":109,"minecraft:grass_block":468,"minecraft:redstone_wire":1,"minecraft:magma_block":2,"minecraft:redstone_ore":16,"minecraft:furnace":3,"minecraft:iron_ore":91,"minecraft:fire":4,"minecraft:andesite":173,"minecraft:cobblestone_slab":11,"minecraft:stone":1787,"minecraft:blackstone":5,"minecraft:red_bed":1,"minecraft:soul_sand":19,"minecraft:cornflower":2,"minecraft:crafting_table":4,"minecraft:torch":13,"minecraft:emerald_ore":5,"minecraft:tall_grass":42,"minecraft:cobblestone":217,"minecraft:lapis_ore":30,"minecraft:diorite":51,"minecraft:wall_torch":3,"minecraft:birch_log":43,"minecraft:birch_leaves":2,"minecraft:grass":223,"minecraft:oak_log":31,"minecraft:coal_ore":225,"minecraft:gravel":20,"minecraft:sand":74,"minecraft:dirt":460,"minecraft:netherrack":250,"minecraft:gold_ore":5,"minecraft:infested_stone":8},"minecraft:used":{"minecraft:netherite_sword":43,"minecraft:iron_bars":4,"minecraft:iron_shovel":1014,"minecraft:redstone":1,"minecraft:polished_basalt":10,"minecraft:chest":6,"minecraft:shield":20,"minecraft:stone":274,"minecraft:iron_sword":98,"minecraft:mossy_stone_brick_slab":30,"minecraft:cooked_chicken":2,"minecraft:rotten_flesh":5,"minecraft:torch":155,"minecraft:dirt":150,"minecraft:red_nether_brick_slab":38,"minecraft:mutton":4,"minecraft:stone_stairs":49,"dungeons_mobs:yellow_trident":13,"minecraft:granite":41,"minecraft:milk_bucket":7,"minecraft:wooden_axe":11,"minecraft:stone_brick_slab":4,"minecraft:iron_hoe":23,"minecraft:ravager_spawn_egg":5,"minecraft:sea_lantern":8,"minecraft:lava_bucket":1,"minecraft:netherite_shovel":111,"minecraft:light_gray_stained_glass":5,"minecraft:villager_spawn_egg":4,"immersive_paintings:painting":4,"minecraft:lantern":10,"minecraft:grass_block":198,"secretroomsmod:ghost_block":15,"minecraft:mossy_cobblestone_slab":39,"minecraft:stone_brick_stairs":35,"minecraft:infested_mossy_stone_bricks":88,"minecraft:oak_sapling":116,"minecraft:furnace":6,"minecraft:horn_coral_block":115,"minecraft:wheat_seeds":22,"minecraft:water_bucket":193,"minecraft:end_rod":4,"minecraft:diorite":4,"minecraft:light_blue_shulker_box":6,"minecraft:stone_pickaxe":264,"minecraft:baked_potato":12,"minecraft:oak_planks":3,"mutantbeasts:endersoul_hand":15,"minecraft:wooden_pickaxe":19,"minecraft:end_stone_brick_slab":2,"minecraft:cobblestone_slab":39,"minecraft:oak_leaves":57,"minecraft:sand":5,"minecraft:vine":38,"armadurasdedsafio:made_in_heaven":102,"minecraft:tnt":2,"minecraft:crafting_table":7,"minecraft:red_bed":1,"minecraft:birch_sign":2,"mowziesmobs:thatch_block":68,"immersive_paintings:glow_painting":16,"armadurasdedsafio:bloque_de_escombros_ancestrales":67,"minecraft:infested_stone_bricks":579,"minecraft:oak_log":4,"minecraft:bread":2,"minecraft:iron_pickaxe":2744,"minecraft:stone_slab":197,"minecraft:spruce_trapdoor":6,"minecraft:gravel":12,"minecraft:crimson_nylium":20,"minecraft:soul_lantern":28,"minecraft:stone_axe":83,"minecraft:potion":4,"minecraft:cobblestone":743,"minecraft:porkchop":1,"minecraft:cooked_porkchop":3,"minecraft:andesite":64,"minecraft:bucket":104,"minecraft:glass_pane":16,"minecraft:splash_potion":34,"minecraft:bone_meal":478,"minecraft:soul_torch":48},"minecraft:picked_up":{"minecraft:crafting_table":4,"minecraft:azure_bluet":1,"minecraft:chicken":2,"minecraft:stone_slab":1,"minecraft:potion":1,"minecraft:cornflower":2,"minecraft:string":7,"minecraft:sticky_piston":1,"minecraft:blackstone":5,"minecraft:horn_coral_block":1,"minecraft:cobblestone_slab":11,"minecraft:observer":1,"minecraft:chest":2,"minecraft:birch_sapling":1,"minecraft:furnace":3,"minecraft:stone":1,"minecraft:torch":25,"minecraft:porkchop":4,"minecraft:netherite_shovel":1,"armadurasdedsafio:made_in_heaven":2,"minecraft:diorite":43,"minecraft:redstone":76,"minecraft:arrow":18,"minecraft:rotten_flesh":17,"minecraft:saddle":1,"minecraft:end_rod":3,"minecraft:mutton":4,"minecraft:white_wool":3,"minecraft:cobblestone":1937,"minecraft:birch_log":41,"minecraft:magma_block":2,"minecraft:feather":5,"minecraft:andesite":153,"minecraft:leather":2,"minecraft:potato":11,"minecraft:flint":3,"minecraft:oak_log":31,"minecraft:gunpowder":16,"minecraft:lapis_lazuli":197,"minecraft:dirt":896,"minecraft:lantern":2,"minecraft:bone":21,"minecraft:apple":3,"minecraft:wheat_seeds":35,"minecraft:iron_ore":91,"minecraft:iron_sword":3,"minecraft:soul_sand":7,"minecraft:stone_brick_slab":1,"minecraft:dandelion":2,"minecraft:gravel":25,"minecraft:sand":72,"minecraft:light_blue_shulker_box":7,"minecraft:soul_torch":6,"minecraft:grass_block":3,"minecraft:gold_ore":5,"minecraft:spider_eye":3,"minecraft:leather_helmet":2,"minecraft:diamond":28,"minecraft:soul_lantern":2,"minecraft:chainmail_leggings":1,"minecraft:iron_helmet":1,"minecraft:granite":105,"minecraft:emerald":5,"minecraft:red_nether_brick_slab":1,"minecraft:oak_sapling":1,"minecraft:netherrack":163,"minecraft:crimson_nylium":3,"minecraft:coal":238},"minecraft:custom":{"minecraft:mob_kills":114,"minecraft:interact_with_crafting_table":34,"minecraft:open_shulker_box":7,"minecraft:leave_game":6,"minecraft:time_since_death":512164,"minecraft:climb_one_cm":5388,"minecraft:sprint_one_cm":401371,"minecraft:walk_one_cm":1286596,"minecraft:drop":50,"minecraft:talked_to_villager":9,"minecraft:deaths":1,"minecraft:sneak_time":69395,"minecraft:walk_under_water_one_cm":114784,"minecraft:jump":3479,"minecraft:walk_on_water_one_cm":91096,"minecraft:interact_with_furnace":51,"minecraft:traded_with_villager":5,"minecraft:play_one_minute":575255,"minecraft:sleep_in_bed":9,"minecraft:time_since_rest":33054,"minecraft:damage_taken":462,"minecraft:trigger_trapped_chest":1,"minecraft:damage_dealt":22595,"minecraft:swim_one_cm":92080,"minecraft:fly_one_cm":1266801,"minecraft:open_chest":72,"minecraft:crouch_one_cm":228215,"minecraft:fall_one_cm":26957}},"DataVersion":2586}