{"stats":{"minecraft:picked_up":{"minecraft:crafting_table":3,"minecraft:andesite":1,"minecraft:stone_slab":1,"minecraft:potion":1,"minecraft:oak_log":10,"minecraft:gunpowder":16,"minecraft:dirt":2,"minecraft:string":1,"minecraft:lantern":2,"minecraft:sticky_piston":1,"minecraft:bone":16,"minecraft:horn_coral_block":1,"minecraft:observer":1,"minecraft:stone":1,"minecraft:stone_brick_slab":1,"minecraft:torch":1,"minecraft:dandelion":1,"minecraft:gravel":5,"minecraft:netherite_shovel":1,"armadurasdedsafio:made_in_heaven":2,"minecraft:light_blue_shulker_box":7,"minecraft:soul_torch":6,"minecraft:grass_block":3,"minecraft:redstone":1,"minecraft:spider_eye":1,"minecraft:arrow":12,"minecraft:rotten_flesh":8,"minecraft:soul_lantern":2,"minecraft:coal":7,"minecraft:end_rod":3,"minecraft:saddle":1,"minecraft:cobblestone":25,"minecraft:mutton":4,"minecraft:red_nether_brick_slab":1,"minecraft:white_wool":3,"minecraft:crimson_nylium":3},"minecraft:crafted":{"minecraft:red_dye":2,"minecraft:oak_planks":20,"minecraft:crafting_table":1,"minecraft:wooden_pickaxe":1,"minecraft:red_bed":1,"minecraft:furnace":1,"minecraft:stone_axe":1,"minecraft:stick":8,"minecraft:stone_pickaxe":1,"minecraft:wooden_axe":1,"minecraft:white_bed":1},"minecraft:mined":{"minecraft:crafting_table":3,"minecraft:grass_block":2,"minecraft:coal_ore":8,"minecraft:oak_log":10,"minecraft:stone":25},"minecraft:used":{"minecraft:water_bucket":90,"minecraft:diorite":3,"minecraft:netherite_sword":43,"minecraft:end_rod":4,"minecraft:light_blue_shulker_box":6,"minecraft:iron_bars":4,"minecraft:stone_pickaxe":14,"minecraft:oak_planks":3,"mutantbeasts:endersoul_hand":15,"minecraft:polished_basalt":10,"minecraft:wooden_pickaxe":19,"minecraft:stone":274,"minecraft:end_stone_brick_slab":2,"minecraft:mossy_stone_brick_slab":30,"minecraft:oak_leaves":57,"minecraft:torch":10,"minecraft:dirt":5,"minecraft:mutton":4,"minecraft:red_nether_brick_slab":38,"minecraft:vine":38,"armadurasdedsafio:made_in_heaven":102,"minecraft:crafting_table":3,"minecraft:tnt":2,"immersive_paintings:glow_painting":16,"minecraft:stone_stairs":49,"mowziesmobs:thatch_block":68,"armadurasdedsafio:bloque_de_escombros_ancestrales":67,"dungeons_mobs:yellow_trident":13,"minecraft:infested_stone_bricks":579,"minecraft:granite":16,"minecraft:milk_bucket":7,"minecraft:oak_log":4,"minecraft:wooden_axe":11,"minecraft:stone_brick_slab":4,"minecraft:ravager_spawn_egg":5,"minecraft:sea_lantern":8,"minecraft:lava_bucket":1,"minecraft:netherite_shovel":111,"minecraft:light_gray_stained_glass":5,"immersive_paintings:painting":4,"minecraft:villager_spawn_egg":4,"minecraft:lantern":10,"minecraft:grass_block":198,"secretroomsmod:ghost_block":15,"minecraft:stone_slab":197,"minecraft:mossy_cobblestone_slab":39,"minecraft:spruce_trapdoor":6,"minecraft:gravel":12,"minecraft:stone_brick_stairs":35,"minecraft:crimson_nylium":20,"minecraft:soul_lantern":28,"minecraft:stone_axe":2,"minecraft:infested_mossy_stone_bricks":88,"minecraft:potion":4,"minecraft:oak_sapling":116,"minecraft:andesite":56,"minecraft:glass_pane":16,"minecraft:horn_coral_block":115,"minecraft:bone_meal":478,"minecraft:splash_potion":34,"minecraft:soul_torch":48},"minecraft:killed":{"majruszs_difficulty:creeperling":1,"minecraft:spider":5,"minecraft:bat":1,"minecraft:ravager":5,"minecraft:creeper":20,"minecraft:sheep":3,"minecraft:skeleton":20,"minecraft:zombie":14,"dungeons_mobs:sunken_skeleton":1,"minecraft:silverfish":3,"minecraft:villager":1,"minecraft:enderman":1},"minecraft:dropped":{"minecraft:gravel":10,"minecraft:soul_torch":7,"minecraft:horn_coral_block":2,"minecraft:red_nether_brick_slab":2,"minecraft:rotten_flesh":8,"minecraft:netherite_shovel":1,"minecraft:granite":1,"secretroomsmod:ghost_block":1,"minecraft:stone_stairs":1,"minecraft:grass_block":1,"minecraft:infested_stone_bricks":1,"minecraft:lava_bucket":1,"minecraft:diorite":1,"minecraft:andesite":1,"minecraft:oak_sapling":1,"minecraft:bone_meal":1,"minecraft:arrow":12,"minecraft:polished_basalt":1,"minecraft:stone_brick_stairs":1,"minecraft:splash_potion":1,"minecraft:stone_brick_slab":2,"minecraft:light_blue_shulker_box":3,"minecraft:redstone":1,"minecraft:bone":14,"armadurasdedsafio:made_in_heaven":2},"minecraft:custom":{"minecraft:mob_kills":78,"minecraft:interact_with_crafting_table":3,"minecraft:play_one_minute":329635,"minecraft:open_shulker_box":7,"minecraft:leave_game":3,"minecraft:sleep_in_bed":1,"minecraft:time_since_death":266544,"minecraft:climb_one_cm":5388,"minecraft:time_since_rest":7629,"minecraft:sprint_one_cm":114134,"minecraft:damage_taken":31,"minecraft:walk_one_cm":620554,"minecraft:trigger_trapped_chest":1,"minecraft:drop":31,"minecraft:damage_dealt":17544,"minecraft:swim_one_cm":13619,"minecraft:fly_one_cm":1043700,"minecraft:open_chest":1,"minecraft:crouch_one_cm":15011,"minecraft:deaths":1,"minecraft:sneak_time":7883,"minecraft:walk_under_water_one_cm":17972,"minecraft:jump":1269,"minecraft:walk_on_water_one_cm":31185,"minecraft:fall_one_cm":5039}},"DataVersion":2586}