{"stats":{"minecraft:dropped":{"minecraft:light_blue_shulker_box":2,"armadurasdedsafio:made_in_heaven":1},"minecraft:killed":{"majruszs_difficulty:creeperling":1,"minecraft:spider":5,"minecraft:bat":1,"minecraft:ravager":5,"minecraft:creeper":20,"minecraft:skeleton":21,"minecraft:zombie":18,"dungeons_mobs:sunken_skeleton":1,"minecraft:silverfish":3,"minecraft:villager":1,"minecraft:enderman":1},"minecraft:crafted":{"minecraft:shield":1},"minecraft:picked_up":{"minecraft:stone_slab":1,"minecraft:potion":1,"minecraft:gunpowder":14,"minecraft:string":1,"minecraft:lantern":2,"minecraft:sticky_piston":1,"minecraft:bone":17,"minecraft:horn_coral_block":1,"minecraft:observer":1,"minecraft:stone":2,"minecraft:stone_brick_slab":1,"minecraft:torch":1,"minecraft:dandelion":1,"minecraft:gravel":5,"armadurasdedsafio:made_in_heaven":1,"minecraft:light_blue_shulker_box":7,"minecraft:soul_torch":6,"minecraft:grass_block":3,"minecraft:redstone":1,"minecraft:spider_eye":1,"minecraft:lime_banner":1,"minecraft:arrow":11,"minecraft:rotten_flesh":16,"minecraft:soul_lantern":2,"minecraft:end_rod":3,"minecraft:saddle":1,"minecraft:crimson_nylium":3},"minecraft:custom":{"minecraft:mob_kills":80,"minecraft:interact_with_crafting_table":1,"minecraft:play_one_minute":323688,"minecraft:open_shulker_box":7,"minecraft:leave_game":3,"minecraft:time_since_death":260597,"minecraft:climb_one_cm":4321,"minecraft:time_since_rest":260600,"minecraft:sprint_one_cm":79235,"minecraft:walk_one_cm":609969,"minecraft:trigger_trapped_chest":1,"minecraft:drop":3,"minecraft:damage_dealt":18004,"minecraft:swim_one_cm":13619,"minecraft:fly_one_cm":1014709,"minecraft:crouch_one_cm":11052,"minecraft:deaths":1,"minecraft:sneak_time":6915,"minecraft:walk_under_water_one_cm":18543,"minecraft:jump":1059,"minecraft:walk_on_water_one_cm":31232},"minecraft:used":{"minecraft:water_bucket":90,"minecraft:netherite_sword":43,"minecraft:end_rod":4,"minecraft:light_blue_shulker_box":6,"minecraft:iron_bars":4,"mutantbeasts:endersoul_hand":15,"minecraft:polished_basalt":10,"minecraft:stone":294,"minecraft:end_stone_brick_slab":2,"minecraft:mossy_stone_brick_slab":30,"minecraft:oak_leaves":57,"minecraft:torch":10,"minecraft:dirt":1,"minecraft:red_nether_brick_slab":38,"minecraft:vine":38,"armadurasdedsafio:made_in_heaven":110,"minecraft:tnt":2,"immersive_paintings:glow_painting":16,"minecraft:stone_stairs":49,"mowziesmobs:thatch_block":68,"armadurasdedsafio:bloque_de_escombros_ancestrales":67,"dungeons_mobs:yellow_trident":13,"minecraft:infested_stone_bricks":579,"minecraft:granite":12,"minecraft:milk_bucket":7,"minecraft:oak_log":4,"minecraft:stone_brick_slab":4,"minecraft:ravager_spawn_egg":5,"minecraft:sea_lantern":8,"minecraft:netherite_shovel":111,"minecraft:light_gray_stained_glass":5,"immersive_paintings:painting":4,"minecraft:villager_spawn_egg":4,"minecraft:lantern":10,"minecraft:grass_block":203,"secretroomsmod:ghost_block":15,"minecraft:stone_slab":196,"minecraft:mossy_cobblestone_slab":39,"minecraft:spruce_trapdoor":6,"minecraft:gravel":12,"minecraft:stone_brick_stairs":35,"minecraft:crimson_nylium":20,"minecraft:soul_lantern":28,"minecraft:infested_mossy_stone_bricks":88,"minecraft:potion":4,"minecraft:oak_sapling":116,"minecraft:andesite":56,"minecraft:glass_pane":16,"minecraft:horn_coral_block":115,"minecraft:bone_meal":478,"minecraft:splash_potion":34,"minecraft:soul_torch":48}},"DataVersion":2586}