{"stats":{"minecraft:crafted":{"minecraft:oak_planks":40,"minecraft:furnace":2,"minecraft:stone_pickaxe":2,"minecraft:red_dye":2,"minecraft:crafting_table":3,"minecraft:wooden_pickaxe":1,"minecraft:baked_potato":12,"minecraft:iron_sword":1,"minecraft:red_bed":1,"minecraft:bucket":1,"minecraft:stone_axe":1,"minecraft:air":0,"minecraft:shield":1,"minecraft:stick":20,"minecraft:iron_ingot":17,"minecraft:iron_pickaxe":2,"minecraft:wooden_axe":1,"minecraft:white_bed":1,"minecraft:torch":20},"minecraft:picked_up":{"minecraft:crafting_table":4,"minecraft:chicken":2,"minecraft:stone_slab":1,"minecraft:potion":1,"minecraft:string":7,"minecraft:sticky_piston":1,"minecraft:horn_coral_block":1,"minecraft:observer":1,"minecraft:birch_sapling":1,"minecraft:furnace":2,"minecraft:stone":1,"minecraft:torch":8,"minecraft:porkchop":4,"minecraft:netherite_shovel":1,"armadurasdedsafio:made_in_heaven":2,"minecraft:diorite":3,"minecraft:redstone":20,"minecraft:arrow":12,"minecraft:rotten_flesh":10,"minecraft:saddle":1,"minecraft:end_rod":3,"minecraft:mutton":4,"minecraft:white_wool":3,"minecraft:cobblestone":227,"minecraft:birch_log":41,"minecraft:feather":5,"minecraft:andesite":2,"minecraft:potato":11,"minecraft:oak_log":19,"minecraft:gunpowder":16,"minecraft:dirt":6,"minecraft:lantern":2,"minecraft:bone":18,"minecraft:wheat_seeds":8,"minecraft:iron_ore":39,"minecraft:stone_brick_slab":1,"minecraft:dandelion":1,"minecraft:gravel":12,"minecraft:light_blue_shulker_box":7,"minecraft:soul_torch":6,"minecraft:grass_block":3,"minecraft:leather_helmet":1,"minecraft:spider_eye":3,"minecraft:soul_lantern":2,"minecraft:chainmail_leggings":1,"minecraft:iron_helmet":1,"minecraft:emerald":1,"minecraft:red_nether_brick_slab":1,"minecraft:oak_sapling":1,"minecraft:crimson_nylium":3,"minecraft:coal":129},"minecraft:mined":{"minecraft:grass_block":2,"minecraft:redstone_ore":4,"minecraft:furnace":2,"minecraft:iron_ore":39,"minecraft:andesite":1,"minecraft:stone":217,"minecraft:crafting_table":4,"minecraft:torch":4,"minecraft:emerald_ore":1,"minecraft:cobblestone":5,"minecraft:diorite":3,"minecraft:birch_log":43,"minecraft:birch_leaves":2,"minecraft:grass":5,"minecraft:oak_log":19,"minecraft:coal_ore":116,"minecraft:gravel":4,"minecraft:dirt":1,"minecraft:infested_stone":4},"minecraft:used":{"minecraft:netherite_sword":43,"minecraft:iron_bars":4,"minecraft:polished_basalt":10,"minecraft:stone":274,"minecraft:iron_sword":38,"minecraft:mossy_stone_brick_slab":30,"minecraft:torch":30,"minecraft:dirt":5,"minecraft:red_nether_brick_slab":38,"minecraft:mutton":4,"minecraft:stone_stairs":49,"dungeons_mobs:yellow_trident":13,"minecraft:granite":16,"minecraft:milk_bucket":7,"minecraft:stone_brick_slab":4,"minecraft:ravager_spawn_egg":5,"minecraft:wooden_axe":11,"minecraft:sea_lantern":8,"minecraft:lava_bucket":1,"minecraft:netherite_shovel":111,"minecraft:light_gray_stained_glass":5,"minecraft:villager_spawn_egg":4,"immersive_paintings:painting":4,"minecraft:lantern":10,"minecraft:grass_block":198,"secretroomsmod:ghost_block":15,"minecraft:mossy_cobblestone_slab":39,"minecraft:stone_brick_stairs":35,"minecraft:infested_mossy_stone_bricks":88,"minecraft:oak_sapling":116,"minecraft:furnace":3,"minecraft:horn_coral_block":115,"minecraft:water_bucket":95,"minecraft:light_blue_shulker_box":6,"minecraft:diorite":3,"minecraft:end_rod":4,"minecraft:stone_pickaxe":264,"minecraft:baked_potato":9,"minecraft:oak_planks":3,"mutantbeasts:endersoul_hand":15,"minecraft:wooden_pickaxe":19,"minecraft:end_stone_brick_slab":2,"minecraft:oak_leaves":57,"minecraft:vine":38,"armadurasdedsafio:made_in_heaven":102,"minecraft:tnt":2,"minecraft:crafting_table":6,"minecraft:red_bed":1,"mowziesmobs:thatch_block":68,"immersive_paintings:glow_painting":16,"armadurasdedsafio:bloque_de_escombros_ancestrales":67,"minecraft:infested_stone_bricks":579,"minecraft:oak_log":4,"minecraft:iron_pickaxe":109,"minecraft:stone_slab":197,"minecraft:spruce_trapdoor":6,"minecraft:gravel":12,"minecraft:crimson_nylium":20,"minecraft:soul_lantern":28,"minecraft:stone_axe":70,"minecraft:cobblestone":38,"minecraft:potion":4,"minecraft:porkchop":1,"minecraft:bucket":6,"minecraft:andesite":57,"minecraft:glass_pane":16,"minecraft:splash_potion":34,"minecraft:bone_meal":478,"minecraft:soul_torch":48},"minecraft:killed":{"minecraft:spider":8,"minecraft:skeleton":20,"minecraft:chicken":4,"minecraft:silverfish":11,"majruszs_difficulty:creeperling":2,"minecraft:pig":3,"minecraft:bat":1,"minecraft:ravager":5,"minecraft:creeper":20,"minecraft:sheep":3,"minecraft:zombie":15,"dungeons_mobs:sunken_skeleton":1,"minecraft:villager":1,"minecraft:enderman":1},"minecraft:dropped":{"minecraft:horn_coral_block":2,"minecraft:red_nether_brick_slab":2,"minecraft:granite":1,"minecraft:grass_block":1,"minecraft:lava_bucket":1,"minecraft:diorite":4,"minecraft:bone_meal":1,"minecraft:polished_basalt":1,"minecraft:string":3,"armadurasdedsafio:made_in_heaven":2,"minecraft:stone_brick_slab":2,"minecraft:bone":14,"minecraft:redstone":1,"minecraft:gravel":17,"minecraft:soul_torch":7,"minecraft:rotten_flesh":8,"minecraft:netherite_shovel":1,"secretroomsmod:ghost_block":1,"minecraft:stone_stairs":1,"minecraft:infested_stone_bricks":1,"minecraft:andesite":1,"minecraft:oak_sapling":2,"minecraft:arrow":12,"minecraft:stone_brick_stairs":1,"minecraft:splash_potion":1,"minecraft:light_blue_shulker_box":3},"minecraft:custom":{"minecraft:mob_kills":98,"minecraft:interact_with_crafting_table":17,"minecraft:open_shulker_box":7,"minecraft:leave_game":3,"minecraft:time_since_death":320544,"minecraft:climb_one_cm":5388,"minecraft:sprint_one_cm":187708,"minecraft:walk_one_cm":767825,"minecraft:drop":35,"minecraft:talked_to_villager":2,"minecraft:deaths":1,"minecraft:sneak_time":17984,"minecraft:walk_under_water_one_cm":30217,"minecraft:jump":1960,"minecraft:walk_on_water_one_cm":48824,"minecraft:interact_with_furnace":27,"minecraft:play_one_minute":383635,"minecraft:sleep_in_bed":3,"minecraft:time_since_rest":6388,"minecraft:damage_taken":271,"minecraft:trigger_trapped_chest":1,"minecraft:damage_dealt":19670,"minecraft:swim_one_cm":56209,"minecraft:fly_one_cm":1118961,"minecraft:open_chest":6,"minecraft:crouch_one_cm":42552,"minecraft:fall_one_cm":14584},"minecraft:broken":{"minecraft:stone_pickaxe":2}},"DataVersion":2586}