{"stats":{"minecraft:killed":{"minecraft:zombie":3},"minecraft:mined":{"minecraft:oak_leaves":1},"minecraft:custom":{"minecraft:time_since_rest":2751,"minecraft:crouch_one_cm":4,"minecraft:play_one_minute":8951,"minecraft:sprint_one_cm":16141,"minecraft:damage_taken":250,"minecraft:deaths":1,"minecraft:walk_one_cm":12217,"minecraft:trigger_trapped_chest":3,"minecraft:sneak_time":37,"minecraft:mob_kills":3,"minecraft:jump":185,"minecraft:damage_dealt":799,"minecraft:leave_game":1,"minecraft:time_since_death":2715,"minecraft:walk_on_water_one_cm":2145,"minecraft:fall_one_cm":623,"minecraft:fly_one_cm":23758},"minecraft:picked_up":{"minecraft:rotten_flesh":3,"minecraft:oak_sign":1,"minecraft:writable_book":3,"minecraft:sand":7,"minecraft:oak_log":3,"immersive_paintings:glow_painting":2,"minecraft:grass_block":1,"minecraft:dirt":5,"minecraft:trapped_chest":1,"minecraft:spider_eye":1,"minecraft:string":1,"minecraft:dark_oak_trapdoor":1},"minecraft:killed_by":{"minecraft:zombie":1},"minecraft:used":{"minecraft:dark_oak_trapdoor":1,"minecraft:oak_sign":1,"immersive_paintings:glow_painting":1,"minecraft:trapped_chest":1}},"DataVersion":2586}