{
  "dungeons_arise:wda_root": {
    "criteria": {
      "WDA": "2024-11-13 00:12:29 +0000"
    },
    "done": true
  },
  "mowziesmobs:root": {
    "criteria": {
      "custom_test_name": "2024-11-13 00:12:29 +0000"
    },
    "done": true
  },
  "majruszs_difficulty:progressive_difficulty/normal_mode": {
    "criteria": {
      "game_state": "2024-11-13 00:12:29 +0000"
    },
    "done": true
  },
  "minecraft:adventure/adventuring_time": {
    "criteria": {
      "minecraft:forest": "2024-11-13 00:12:29 +0000",
      "minecraft:beach": "2024-11-13 00:14:39 +0000"
    },
    "done": false
  },
  "DataVersion": 2586
}